donor_id,first_name,last_name,email,gender,join_date,alumni_status,total_gifts,donor_tier
D0001,Susan,Smith,brownbrian@yahoo.com,Female,2022-03-03,True,8084.08,Gold
D0002,Francisco,White,erictodd@williams-shaffer.com,Female,2022-07-08,True,1605.95,Silver
D0003,Justin,Ponce,bob37@ramos.com,Female,2024-06-04,False,5371.68,Gold
D0004,Lindsey,Hall,christopherwhite@gmail.com,Female,2021-01-17,False,8970.56,Gold
D0005,Kristina,Hawkins,keith02@huff.com,Female,2023-01-24,False,1935.67,Silver
D0006,Sandra,Davis,chelsea35@davis.com,Other,2024-06-23,True,9202.98,Gold
D0007,Mark,Davidson,tpena@stark-mcgrath.com,Female,2024-01-29,True,9961.0,Gold
D0008,Diana,Lee,smithjoshua@dodson-frye.com,Other,2024-05-27,True,5515.99,Gold
D0009,Anthony,Chase,frank34@yahoo.com,Male,2020-07-15,True,8640.32,Gold
D0010,Albert,Dixon,erinmoore@yahoo.com,Female,2025-04-28,False,6828.2,Gold
D0011,Crystal,Alexander,alison82@hotmail.com,Male,2023-01-11,False,7476.28,Gold
D0012,Sandra,Barry,hawkinsbethany@miller.net,Other,2020-10-30,True,4365.55,Silver
D0013,Victoria,Hanson,thomasblevins@odom.com,Female,2025-04-29,True,1940.02,Silver
D0014,John,Reynolds,jcarter@ashley.net,Other,2022-01-17,False,9356.87,Gold
D0015,Amanda,Stevens,pdouglas@lewis.com,Other,2021-06-29,False,1976.93,Silver
D0016,Jessica,Bailey,kellyhernandez@gmail.com,Female,2021-06-01,True,3591.99,Silver
D0017,Tommy,Scott,jennifer45@yahoo.com,Female,2022-03-16,False,9362.16,Gold
D0018,Leslie,Williams,fdaniels@hotmail.com,Other,2020-09-30,True,1383.23,Silver
D0019,William,Gonzalez,william92@howard-stokes.com,Other,2021-05-10,False,2461.19,Silver
D0020,Jennifer,Coleman,rogersbrittany@ramirez-horn.com,Female,2020-09-04,False,774.94,Bronze
D0021,Jeff,Hunt,johnsondawn@ross.com,Other,2021-11-25,False,8813.31,Gold
D0022,Antonio,Williams,usanchez@hughes.info,Male,2021-01-27,False,8460.21,Gold
D0023,Matthew,Ortiz,ktaylor@gmail.com,Male,2024-08-08,False,3598.99,Silver
D0024,Shannon,Clark,cookjennifer@bowman.org,Other,2022-10-11,False,1928.82,Silver
D0025,James,Mitchell,kramerkenneth@yahoo.com,Female,2025-01-08,False,3717.59,Silver
D0026,Jessica,Fernandez,eric07@smith-key.info,Female,2021-03-07,False,5533.44,Gold
D0027,Jessica,Williams,alvarezanne@hotmail.com,Other,2025-04-17,True,7944.91,Gold
D0028,Patrick,Moore,efrench@duncan.biz,Other,2023-06-11,True,6832.82,Gold
D0029,John,Evans,craigscott@vaughn-lucas.com,Male,2024-09-13,False,9445.55,Gold
D0030,Christopher,Massey,nancykim@shannon.com,Other,2022-02-10,False,6884.11,Gold
D0031,Louis,Bullock,espinozatyrone@chung.com,Male,2024-09-14,False,361.15,Bronze
D0032,Hunter,Dean,fanderson@hotmail.com,Male,2022-04-13,True,9811.84,Gold
D0033,Rebekah,Clark,josephcook@cisneros-martin.com,Female,2022-10-22,False,2932.71,Silver
D0034,Crystal,Oliver,timothyrios@gmail.com,Female,2024-02-10,False,3428.95,Silver
D0035,Anthony,Miller,imason@hotmail.com,Male,2024-09-05,True,1765.22,Silver
D0036,Robert,Williams,victoriasandoval@yahoo.com,Other,2025-02-15,False,2391.95,Silver
D0037,Danielle,Gonzales,lewisjoshua@yahoo.com,Male,2024-07-18,True,931.22,Bronze
D0038,Andrew,Shelton,melissa00@robles-bond.com,Male,2022-06-10,True,1261.78,Silver
D0039,Ashley,Smith,yatesalexander@gmail.com,Female,2023-09-19,False,3370.77,Silver
D0040,Denise,Ramos,malvarez@grimes-rodriguez.com,Other,2024-03-31,True,5038.25,Gold
D0041,Micheal,Schneider,cbrown@lewis-young.com,Male,2024-09-11,True,9681.62,Gold
D0042,Anthony,Stephens,jirwin@sloan-moody.com,Female,2021-03-27,False,9545.44,Gold
D0043,Zachary,Jones,michael73@yahoo.com,Female,2024-07-10,False,8912.76,Gold
D0044,Adrian,Gamble,joseph78@hotmail.com,Other,2023-12-08,True,2737.77,Silver
D0045,Andrew,Cooper,oconnorandre@palmer-jones.com,Male,2020-09-29,True,4895.83,Silver
D0046,Scott,Jackson,barnesstephen@yahoo.com,Female,2020-07-24,False,2016.03,Silver
D0047,James,Smith,lgreen@yahoo.com,Other,2021-11-05,True,4927.14,Silver
D0048,Matthew,Garcia,terri37@morgan-williams.net,Female,2021-10-06,True,5212.31,Gold
D0049,David,Harrell,christopher65@yahoo.com,Other,2021-08-01,False,7835.15,Gold
D0050,Matthew,Beard,douglas66@hotmail.com,Other,2023-06-07,False,464.92,Bronze
D0051,Jodi,Crawford,nelsonwillie@ferrell.com,Other,2024-01-06,True,3702.29,Silver
D0052,Patricia,Hamilton,wisecharlene@yahoo.com,Female,2023-05-22,False,5774.31,Gold
D0053,Teresa,Douglas,kberry@hotmail.com,Female,2024-04-15,True,2873.91,Silver
D0054,Amanda,Blanchard,robertsonkaren@gmail.com,Female,2022-12-30,False,4805.37,Silver
D0055,William,Garcia,timothyallen@gmail.com,Female,2025-01-24,False,1376.19,Silver
D0056,Luis,Austin,broberts@garrett-edwards.com,Other,2021-11-26,False,6585.69,Gold
D0057,Tony,Lowe,robertajohnson@wilkerson.com,Other,2021-03-29,False,6421.59,Gold
D0058,Kevin,Medina,debra24@hotmail.com,Male,2023-02-18,True,5092.15,Gold
D0059,Robert,Evans,tcortez@howell.com,Male,2024-02-22,True,5141.03,Gold
D0060,Cheryl,Webb,jasongraves@carroll.com,Male,2021-10-13,False,2521.08,Silver
D0061,Anthony,Kent,lorettakelly@gmail.com,Female,2023-05-26,True,5087.64,Gold
D0062,Lindsey,Weber,wlopez@reed-johnson.com,Female,2021-11-04,False,2358.86,Silver
D0063,Victor,Rivas,amanda83@rogers.org,Female,2024-02-07,False,7166.76,Gold
D0064,Timothy,Stewart,rachelpotter@yahoo.com,Male,2024-03-10,False,8635.87,Gold
D0065,Dawn,Smith,zjackson@gallagher-cook.com,Female,2024-01-12,False,864.85,Bronze
D0066,Scott,Villegas,tuckerlauren@yahoo.com,Female,2024-06-11,False,4964.74,Silver
D0067,Bryan,Griffin,ihenry@yahoo.com,Other,2024-01-15,False,8581.92,Gold
D0068,Troy,Gordon,kaufmanclaudia@smith.org,Other,2022-06-02,True,9672.09,Gold
D0069,Tiffany,Taylor,rodney54@yahoo.com,Other,2023-10-14,True,8851.11,Gold
D0070,Paul,Collins,louis84@yahoo.com,Male,2023-12-29,True,4038.71,Silver
D0071,Ralph,Thomas,ymcdonald@hotmail.com,Male,2023-09-02,False,5405.06,Gold
D0072,Betty,Ramos,gknight@perry.info,Male,2022-02-11,False,2451.43,Silver
D0073,Micheal,Leon,nmartinez@grant.org,Male,2020-12-14,True,8618.14,Gold
D0074,Brittany,May,jacobsemily@brown.com,Other,2022-12-11,True,8586.42,Gold
D0075,Megan,Fleming,princebrian@hotmail.com,Male,2022-06-12,True,6770.21,Gold
D0076,Lisa,Williams,ryan83@lopez.net,Male,2022-10-12,True,8818.18,Gold
D0077,Stephen,Long,aprilcarter@powers.com,Other,2022-04-17,False,2990.18,Silver
D0078,Denise,Flores,tristanray@jones-dean.net,Female,2021-06-19,False,9613.37,Gold
D0079,Kimberly,Scott,fmclaughlin@yahoo.com,Male,2024-10-13,True,4239.39,Silver
D0080,Cynthia,Wilson,pclayton@brown.biz,Female,2021-05-30,False,230.12,Bronze
D0081,Alex,Russo,gonzalesanita@hernandez.net,Male,2020-06-22,True,6580.8,Gold
D0082,Samantha,Rose,yparker@hotmail.com,Female,2022-09-26,True,9758.04,Gold
D0083,Jennifer,Landry,vdyer@bryan-warren.com,Other,2023-02-20,True,8956.48,Gold
D0084,Christopher,Gomez,wshea@doyle.com,Female,2023-05-12,False,887.15,Bronze
D0085,Laura,Duarte,cbass@yahoo.com,Female,2025-03-29,True,7099.59,Gold
D0086,Edward,Mendoza,ufox@hernandez.com,Male,2021-12-19,True,5047.63,Gold
D0087,Victoria,Murphy,wferrell@gmail.com,Male,2021-09-22,True,9346.48,Gold
D0088,Alexander,Long,hopkinsmatthew@williams.org,Other,2024-08-08,False,4748.15,Silver
D0089,Vincent,Stafford,zbanks@yahoo.com,Female,2024-02-19,True,5322.12,Gold
D0090,Anthony,Morrison,crystal53@wu-leonard.net,Other,2023-03-15,False,865.43,Bronze
D0091,Holly,Barnes,jenniferjohnson@hotmail.com,Male,2022-04-14,True,7069.1,Gold
D0092,Michael,Huffman,brett74@rowland.com,Other,2020-10-07,False,4027.34,Silver
D0093,Colleen,Ramirez,pcrane@yahoo.com,Female,2024-03-13,True,6744.9,Gold
D0094,David,Roach,delgadocharles@howell-spence.com,Other,2021-09-05,True,7583.41,Gold
D0095,Oscar,Campbell,ulewis@hotmail.com,Female,2021-04-11,False,6241.92,Gold
D0096,Mark,Smith,hartmandavid@mccoy.com,Male,2023-09-19,False,3155.3,Silver
D0097,Angela,Simmons,aprilwells@myers-walters.com,Male,2022-03-15,True,5787.78,Gold
D0098,Amanda,Robinson,dschwartz@hall-mendez.com,Male,2023-07-08,True,8705.52,Gold
D0099,Christopher,Sherman,huffwhitney@yahoo.com,Female,2021-09-15,True,6602.73,Gold
D0100,John,Vazquez,john29@campbell.com,Other,2025-03-11,False,3610.12,Silver
D0101,Mario,Herring,coreyhernandez@newman.com,Male,2023-09-21,False,9718.25,Gold
D0102,Stephanie,Anderson,laurajohnson@travis.org,Male,2022-02-19,True,4534.88,Silver
D0103,Eric,Whitaker,jordanwilliam@hotmail.com,Female,2023-11-07,True,6315.39,Gold
D0104,Chad,Hanson,richardhawkins@smith.com,Other,2025-04-17,False,1295.66,Silver
D0105,Rhonda,Baldwin,khanson@hotmail.com,Male,2023-07-12,False,716.52,Bronze
D0106,Eric,Singh,clarkleslie@yahoo.com,Female,2022-03-27,True,7137.13,Gold
D0107,Rebecca,Leonard,uwilliamson@perez-smith.com,Male,2023-05-12,True,778.25,Bronze
D0108,Gary,Sanchez,userrano@yahoo.com,Other,2024-01-12,True,5433.25,Gold
D0109,Chelsea,Castaneda,nicholasjohnson@hotmail.com,Other,2020-11-24,True,5892.08,Gold
D0110,Mary,Ward,stevensjessica@hotmail.com,Other,2025-01-23,True,1909.66,Silver
D0111,Eric,Ortiz,kiddkelsey@buchanan.com,Female,2024-12-06,True,3866.03,Silver
D0112,Stephanie,Hubbard,savagedavid@duncan.com,Other,2021-04-02,False,1486.48,Silver
D0113,Jake,Jenkins,walkerjudith@hotmail.com,Female,2023-06-19,True,2838.05,Silver
D0114,Michelle,Soto,hwillis@gmail.com,Female,2022-01-01,False,5154.64,Gold
D0115,Willie,Nguyen,whawkins@hill.com,Other,2024-10-16,True,8202.14,Gold
D0116,Alicia,Edwards,angela74@byrd.biz,Female,2024-10-09,False,4295.61,Silver
D0117,Jill,Walker,colemansusan@gmail.com,Other,2020-08-18,True,7707.18,Gold
D0118,Kimberly,Hill,owensandres@yahoo.com,Other,2023-03-22,False,9098.39,Gold
D0119,Carlos,Peterson,gwendolynguzman@hotmail.com,Female,2021-05-05,False,5802.54,Gold
D0120,Courtney,Rodgers,kimberlymedina@leach-williams.org,Other,2025-02-17,False,9041.09,Gold
D0121,Michael,Schultz,donna99@wilkins.com,Female,2021-03-13,True,5773.27,Gold
D0122,Christian,Scott,angelawright@gmail.com,Male,2021-09-17,True,2706.83,Silver
D0123,Samantha,Richards,jimenezwilliam@price-richard.com,Female,2025-01-02,True,7974.21,Gold
D0124,Laura,Rodriguez,sylviarivera@bennett-zimmerman.biz,Female,2021-10-29,True,7718.53,Gold
D0125,John,Watson,kmcclure@yahoo.com,Other,2021-11-23,True,235.39,Bronze
D0126,Vincent,Butler,johnnysmith@gmail.com,Male,2020-05-26,True,2200.54,Silver
D0127,Brandon,Edwards,mosesjonathon@smith.biz,Female,2021-05-13,False,6730.91,Gold
D0128,Matthew,Vasquez,kennethromero@meyer.com,Male,2022-07-29,False,5199.55,Gold
D0129,Andrea,Jarvis,andersonrose@hotmail.com,Other,2020-09-30,True,1663.49,Silver
D0130,Brian,Clark,ayalashane@gmail.com,Female,2020-07-09,True,4149.51,Silver
D0131,Jamie,Shaw,michelle00@gmail.com,Male,2024-10-20,True,7292.14,Gold
D0132,Jason,Conway,madisonvargas@yahoo.com,Other,2022-11-01,False,994.85,Bronze
D0133,Jacob,Finley,doughertyjason@pacheco-frost.com,Female,2023-09-27,True,3594.37,Silver
D0134,Christopher,Jones,mary19@lee-landry.com,Male,2021-04-06,False,3403.91,Silver
D0135,Kevin,Carpenter,ahartman@simmons-rodriguez.com,Male,2025-04-13,False,1485.73,Silver
D0136,Brian,Decker,freemantyler@hotmail.com,Other,2023-02-25,False,9508.87,Gold
D0137,Andrea,Anderson,sergioshaw@yahoo.com,Male,2022-09-30,False,2231.59,Silver
D0138,Jessica,Miles,pagevanessa@hotmail.com,Female,2023-12-26,False,2234.84,Silver
D0139,Charles,Fox,kathleenbates@king.net,Female,2023-10-12,False,5830.15,Gold
D0140,Kathleen,Choi,cassidyhensley@hotmail.com,Other,2023-05-29,False,5329.77,Gold
D0141,Sara,Frank,boylethomas@brewer.com,Other,2024-12-07,True,6724.48,Gold
D0142,John,Brown,wbush@terry.org,Female,2024-10-17,True,5484.98,Gold
D0143,Henry,Perez,moorewilliam@mccullough-griffin.com,Male,2020-11-12,False,2125.22,Silver
D0144,Michael,Foley,laurenestrada@gmail.com,Other,2020-10-20,False,4802.74,Silver
D0145,Robyn,Hodges,zskinner@patterson.org,Other,2020-09-18,True,6139.05,Gold
D0146,David,Gregory,stewartjonathan@walker-garcia.com,Other,2022-04-11,False,4580.92,Silver
D0147,Cory,Hall,anthonygates@hotmail.com,Female,2022-11-09,True,6191.12,Gold
D0148,Erin,Haas,gregory97@hughes-flores.info,Female,2022-05-07,True,982.5,Bronze
D0149,Joshua,Warner,jwolf@hotmail.com,Male,2025-05-13,True,1744.12,Silver
D0150,Tara,Dean,yhoward@gmail.com,Other,2020-08-10,False,4833.85,Silver
D0151,Nicole,Wright,samanthawhitaker@gmail.com,Male,2022-06-25,False,633.22,Bronze
D0152,Nicole,Smith,daniel43@brown-davis.info,Other,2022-05-14,False,9021.05,Gold
D0153,Jennifer,Johnson,paynecraig@miller-perez.net,Female,2020-12-20,True,7337.05,Gold
D0154,Shelby,Reynolds,george99@howell-levine.biz,Female,2024-12-24,False,6467.74,Gold
D0155,Stephanie,Sullivan,fishermichael@hotmail.com,Other,2021-11-22,True,3128.36,Silver
D0156,Tommy,Beck,barbarahunt@gmail.com,Female,2022-07-28,False,6270.17,Gold
D0157,Joe,Spence,mario49@boyd-barnes.net,Female,2022-03-27,False,9111.23,Gold
D0158,Jennifer,Chapman,brucesnyder@fernandez.org,Male,2024-12-08,True,8487.17,Gold
D0159,Christopher,Mitchell,david34@young.biz,Female,2020-08-06,True,2951.63,Silver
D0160,Cynthia,Jones,sabrinadaugherty@yahoo.com,Male,2024-10-27,False,1056.52,Silver
D0161,Matthew,Chapman,kathleenhall@lee.org,Other,2024-07-12,False,8505.71,Gold
D0162,Michael,Carney,kelleyjustin@scott-murphy.com,Female,2020-12-22,False,8429.95,Gold
D0163,Kristen,Lewis,erickoch@lozano.com,Other,2023-12-18,False,289.49,Bronze
D0164,Jennifer,Watkins,dmckay@yahoo.com,Female,2022-01-24,False,9185.52,Gold
D0165,Charlotte,Mcguire,hwilliams@lopez.com,Other,2023-02-14,False,8391.81,Gold
D0166,Tiffany,Gregory,evanssamantha@burch.info,Other,2023-01-16,False,683.38,Bronze
D0167,Deborah,Thomas,alexisanderson@yahoo.com,Male,2021-02-24,True,8852.07,Gold
D0168,Johnathan,Wiley,aaronbutler@gmail.com,Male,2023-07-26,False,4050.36,Silver
D0169,Ruben,Thornton,sergiosanchez@williams-lopez.com,Male,2020-09-09,False,3383.87,Silver
D0170,Karen,Chambers,mhicks@manning-greene.info,Female,2020-11-09,False,2472.44,Silver
D0171,Daniel,Williams,robin08@morgan-proctor.net,Other,2025-04-12,False,7009.59,Gold
D0172,Lawrence,Nguyen,nbarr@wallace.biz,Male,2021-04-07,True,3934.9,Silver
D0173,Timothy,Davis,jhamilton@gmail.com,Other,2023-04-30,True,6447.72,Gold
D0174,Billy,Cantrell,smithrebecca@yahoo.com,Male,2023-10-11,True,2546.65,Silver
D0175,William,Richard,amanda26@yahoo.com,Male,2021-05-19,False,1491.77,Silver
D0176,David,Parker,heatherbrown@hotmail.com,Male,2023-10-22,False,9887.08,Gold
D0177,Michael,Sandoval,kaylawilson@gmail.com,Male,2022-06-02,False,2375.54,Silver
D0178,Andrew,Campbell,igonzalez@yahoo.com,Female,2024-03-01,False,7064.27,Gold
D0179,Jon,Vargas,timothy90@vincent.com,Female,2022-03-08,False,7454.15,Gold
D0180,David,Haynes,nicolehoward@hotmail.com,Female,2024-05-18,True,5356.86,Gold
D0181,Nicole,Robinson,wjames@yahoo.com,Female,2021-03-19,True,549.68,Bronze
D0182,John,Butler,tracey77@velasquez.com,Male,2025-04-08,False,6373.85,Gold
D0183,Patricia,Mueller,samantha19@hotmail.com,Other,2022-04-04,True,9452.01,Gold
D0184,Chad,Miller,martinezkevin@gmail.com,Other,2021-05-09,True,5827.06,Gold
D0185,Willie,Matthews,seantaylor@patrick.com,Other,2022-04-01,True,7731.54,Gold
D0186,Mark,Warner,tarmstrong@lowe-carlson.org,Male,2020-09-02,False,5959.01,Gold
D0187,Austin,Fuller,william87@yahoo.com,Female,2022-04-05,False,6789.5,Gold
D0188,Heather,Moore,beth45@collins-walker.info,Other,2022-01-22,False,275.34,Bronze
D0189,Oscar,Wilson,ofleming@hotmail.com,Male,2022-02-10,True,9821.41,Gold
D0190,Heather,Cohen,bowmanrobert@wright.com,Female,2021-07-05,False,3420.38,Silver
D0191,Michael,Shelton,nicholas82@garza.com,Male,2021-04-13,False,1829.68,Silver
D0192,Adrian,Baldwin,elizabeth73@ortiz.com,Other,2022-02-23,True,6546.39,Gold
D0193,Robert,Diaz,davidhoward@gray-aguilar.com,Male,2024-07-29,False,9738.92,Gold
D0194,Diana,Hill,jesserivera@gmail.com,Other,2022-07-29,True,7747.2,Gold
D0195,Javier,Mcintyre,suzannemoreno@hotmail.com,Other,2022-05-10,False,4586.23,Silver
D0196,Matthew,Perez,robinalexander@hotmail.com,Male,2020-08-02,True,2742.34,Silver
D0197,Dalton,Ellis,sarafrank@smith.com,Female,2020-06-08,True,3237.71,Silver
D0198,Ronald,Henderson,kristenthomas@gmail.com,Other,2022-03-17,False,8198.93,Gold
D0199,Steven,Jones,donaldsonalexandra@gmail.com,Other,2021-11-18,True,8594.42,Gold
D0200,Kaitlin,Rivera,ericmccullough@gibbs.com,Female,2023-06-24,True,1802.4,Silver
D0201,Donna,Zimmerman,kelly47@hotmail.com,Female,2022-02-22,False,5396.07,Gold
D0202,Walter,Kelly,zachary04@haney-francis.com,Other,2023-01-17,False,5458.72,Gold
D0203,Deanna,Gonzalez,chavezrobert@gmail.com,Female,2020-07-23,False,8179.94,Gold
D0204,Susan,Ruiz,hryan@hayes-dunn.com,Female,2021-01-30,False,9573.68,Gold
D0205,Andrea,Richardson,wilsonlaura@mathis.com,Female,2023-04-29,False,784.0,Bronze
D0206,Joyce,Williams,rebecca99@sutton.com,Male,2024-05-20,False,6309.28,Gold
D0207,George,Barnett,xthornton@yahoo.com,Female,2021-12-18,False,7640.95,Gold
D0208,Michael,Porter,cynthia02@yahoo.com,Male,2024-05-12,True,3318.51,Silver
D0209,Michelle,Douglas,mjenkins@phelps.biz,Female,2023-05-05,True,3937.3,Silver
D0210,Jamie,Mcdowell,aaron08@gmail.com,Male,2023-06-17,False,5828.85,Gold
D0211,Jason,Welch,richard83@gmail.com,Female,2021-01-29,True,8654.76,Gold
D0212,Michael,Rogers,ebennett@bennett-jordan.com,Other,2023-10-14,True,604.9,Bronze
D0213,Jose,Brown,amanda51@gmail.com,Male,2023-11-01,False,9768.58,Gold
D0214,Barbara,Lee,toddgay@hotmail.com,Male,2021-03-11,False,4015.51,Silver
D0215,Jay,Hoover,fisherchristine@walters.com,Female,2022-07-26,False,403.97,Bronze
D0216,Paul,Cochran,wwright@taylor-hernandez.com,Female,2023-08-31,True,7915.57,Gold
D0217,Denise,Hall,leah60@gmail.com,Male,2023-09-29,False,3558.49,Silver
D0218,Alexa,Mckay,ythomas@munoz-lee.com,Female,2024-12-23,True,2052.83,Silver
D0219,Richard,Hutchinson,vrussell@yahoo.com,Male,2021-08-26,False,3126.3,Silver
D0220,Gary,Wright,kimberlyterry@moreno.net,Male,2021-11-08,False,3618.57,Silver
D0221,Matthew,Cannon,leslie59@gmail.com,Male,2023-04-08,False,9829.55,Gold
D0222,Randy,Hernandez,emilyperez@yahoo.com,Female,2022-05-15,True,4150.22,Silver
D0223,Christina,Steele,stephanieallen@finley-zimmerman.info,Female,2023-04-03,False,1775.27,Silver
D0224,Laura,Garcia,harveytina@velazquez.org,Female,2024-10-15,False,8011.62,Gold
D0225,David,Mack,dominguezchristopher@fisher.com,Male,2022-11-28,True,5182.01,Gold
D0226,Keith,Vaughn,adrian83@yahoo.com,Male,2022-07-12,True,2067.75,Silver
D0227,Benjamin,Richardson,kstuart@boyer.biz,Female,2021-12-01,True,1608.57,Silver
D0228,Hayden,Schaefer,pgraves@shea.info,Female,2024-11-12,False,9803.36,Gold
D0229,William,Diaz,megan30@anderson.com,Male,2024-08-29,False,3702.78,Silver
D0230,Taylor,Pope,troyjensen@hotmail.com,Other,2021-10-03,True,2111.93,Silver
D0231,Elijah,Davis,ronnie81@gmail.com,Other,2021-04-10,False,8665.41,Gold
D0232,Taylor,Jackson,kgray@hotmail.com,Female,2023-08-17,False,4832.85,Silver
D0233,Erin,Jones,hritter@hotmail.com,Male,2021-04-02,False,9838.75,Gold
D0234,Rachel,Washington,richard14@cardenas.com,Male,2024-09-05,False,4761.4,Silver
D0235,James,Hendrix,michelle07@gmail.com,Other,2021-08-10,False,1865.88,Silver
D0236,Ian,Lewis,danny25@meyer.com,Female,2023-02-02,True,3999.13,Silver
D0237,Ronald,Ball,holly93@yahoo.com,Female,2021-06-14,True,7168.31,Gold
D0238,Michael,Rivera,dominiquewalter@knox.com,Female,2022-01-22,True,7627.17,Gold
D0239,Kyle,Warner,laceydeleon@yahoo.com,Other,2021-09-17,False,9455.0,Gold
D0240,Joseph,Sandoval,stacychandler@gmail.com,Female,2021-05-05,False,2787.35,Silver
D0241,Craig,Patterson,dominiquehorn@moore.net,Other,2022-03-17,True,8281.55,Gold
D0242,Savannah,Butler,jacksonkelly@gmail.com,Female,2024-12-06,True,7761.22,Gold
D0243,Suzanne,Wagner,kparker@hotmail.com,Male,2025-02-07,True,7995.81,Gold
D0244,Holly,Mcmillan,huffmicheal@hotmail.com,Male,2022-10-16,True,186.94,Bronze
D0245,Manuel,Perry,crystalli@torres.org,Other,2021-01-11,True,7346.5,Gold
D0246,Kayla,Miller,gonzalezkara@yahoo.com,Other,2020-07-31,True,8732.08,Gold
D0247,Carmen,Orr,carpentermelissa@vega-rose.biz,Male,2023-07-17,False,1001.78,Silver
D0248,Lauren,Perez,teresa86@clayton.com,Female,2025-02-17,False,2773.02,Silver
D0249,Michelle,Crawford,hamptonthomas@farmer.net,Female,2023-11-16,True,6823.52,Gold
D0250,Arthur,Harris,dwoods@gmail.com,Male,2022-11-25,True,7661.66,Gold
D0251,Stacey,Hicks,youngcheryl@yahoo.com,Other,2023-05-14,False,4500.49,Silver
D0252,Sarah,Rodriguez,christophermeadows@gmail.com,Male,2023-08-11,False,2354.61,Silver
D0253,Adam,Cruz,jensenthomas@martinez-estrada.org,Other,2021-11-04,True,6038.3,Gold
D0254,Daniel,Jones,denise68@yahoo.com,Female,2024-12-16,True,2906.27,Silver
D0255,David,Welch,ajohnson@collins.com,Female,2022-05-13,False,2355.03,Silver
D0256,William,Harris,emily47@yahoo.com,Male,2023-05-01,True,4210.49,Silver
D0257,Michael,Jackson,chelseaestrada@hotmail.com,Other,2024-06-18,True,2687.5,Silver
D0258,Jared,Johnson,abarnes@ford-robinson.com,Other,2024-08-03,True,2717.94,Silver
D0259,Kenneth,Cox,campbellmelanie@johnson.com,Female,2021-07-01,False,6095.24,Gold
D0260,Debbie,Green,brittany77@thompson-richards.com,Female,2024-06-25,True,2144.58,Silver
D0261,Antonio,Davila,karengreene@yahoo.com,Male,2021-02-19,False,5418.1,Gold
D0262,Ebony,Garcia,john86@lee.com,Other,2022-08-07,True,4529.93,Silver
D0263,Nathaniel,Cruz,stevenlawson@gmail.com,Other,2023-01-05,False,76.33,Bronze
D0264,Katherine,Ellis,smithmarie@gibson.com,Female,2022-08-24,True,4332.94,Silver
D0265,Virginia,Cruz,kevin64@hotmail.com,Male,2024-07-26,True,803.74,Bronze
D0266,Johnny,Taylor,maria37@yahoo.com,Other,2024-05-28,True,8872.28,Gold
D0267,Jonathan,Simmons,joshuadavis@thompson-miller.com,Other,2020-06-07,True,5510.81,Gold
D0268,Ashlee,Riggs,anthony30@yahoo.com,Male,2021-12-27,False,5708.63,Gold
D0269,Carolyn,Ward,kimberly00@gmail.com,Male,2024-05-09,False,7441.98,Gold
D0270,Andrew,Robinson,xgonzalez@bell.info,Other,2021-06-27,True,3344.85,Silver
D0271,Juan,Velazquez,kimroy@walker.com,Other,2022-11-24,False,1812.05,Silver
D0272,Joshua,Garcia,jonvasquez@robinson-andrews.com,Male,2023-05-02,False,7809.05,Gold
D0273,James,Williams,carol01@holland.com,Male,2021-01-09,True,9080.69,Gold
D0274,Kathryn,Nolan,xkemp@gmail.com,Other,2023-05-30,False,1842.8,Silver
D0275,John,Stark,hgonzalez@mitchell-carr.org,Female,2021-02-15,True,5500.18,Gold
D0276,Christopher,Harvey,angela01@gmail.com,Male,2020-09-12,False,4231.01,Silver
D0277,Lisa,Weaver,cjohns@james.com,Other,2023-04-02,True,882.88,Bronze
D0278,Valerie,Baxter,kjones@franklin-medina.net,Other,2024-12-07,True,2440.5,Silver
D0279,David,Flores,pamelavasquez@yahoo.com,Male,2022-11-14,False,7100.68,Gold
D0280,Olivia,Reyes,jacqueline07@doyle.biz,Female,2023-11-03,True,2911.64,Silver
D0281,Timothy,Martin,dylan42@holt-poole.com,Other,2023-10-23,False,9619.56,Gold
D0282,Elizabeth,Russell,christinespears@mitchell.com,Female,2021-08-08,False,8748.97,Gold
D0283,Adam,Mendoza,eric32@gomez.com,Female,2022-04-02,True,7400.64,Gold
D0284,Darlene,Stephens,hjones@gmail.com,Other,2020-07-05,True,6981.02,Gold
D0285,Mary,Mendoza,jacobclark@gmail.com,Male,2021-01-07,True,2375.71,Silver
D0286,David,Cameron,christinagarcia@rodriguez.net,Male,2023-03-07,True,2309.77,Silver
D0287,Danielle,Sanders,andrewbennett@mcintosh.com,Other,2021-05-27,True,3200.87,Silver
D0288,Lee,Durham,brendagarcia@hamilton.com,Other,2021-07-18,False,2014.71,Silver
D0289,Mckenzie,Jones,khernandez@hotmail.com,Other,2021-02-02,False,4355.15,Silver
D0290,Devin,Jones,erikmontoya@gmail.com,Female,2022-11-26,True,5809.14,Gold
D0291,Jason,Walker,ningram@tran-lin.com,Male,2020-08-07,False,9534.56,Gold
D0292,Kristen,Williams,debbie15@terry.biz,Female,2021-07-17,False,2871.69,Silver
D0293,Kevin,Stout,brianperkins@hotmail.com,Male,2025-02-26,False,9634.21,Gold
D0294,Patricia,Chambers,kbowers@hotmail.com,Other,2023-07-07,False,8601.42,Gold
D0295,Laurie,Smith,fhenderson@johnson-alvarez.com,Male,2024-12-30,False,9101.63,Gold
D0296,Rose,Ward,mjames@stafford.org,Male,2022-10-04,False,6204.42,Gold
D0297,Tara,Burgess,zwilliams@nguyen-wilson.com,Other,2024-01-28,False,7204.66,Gold
D0298,Christine,Lopez,jennifer16@yahoo.com,Other,2021-02-16,False,8771.98,Gold
D0299,Jason,Williams,murraykurt@maddox-bailey.com,Male,2021-09-03,True,9816.16,Gold
D0300,Kara,Andrade,monica58@gomez.org,Other,2022-07-21,False,554.1,Bronze
D0301,Richard,Clark,hsmith@hotmail.com,Male,2023-05-13,True,5640.41,Gold
D0302,Jacqueline,Huynh,ronaldmitchell@hotmail.com,Other,2022-01-24,False,7970.38,Gold
D0303,Ryan,Galloway,mcmillanderek@yahoo.com,Male,2025-01-27,True,771.63,Bronze
D0304,Paul,Allen,lewistravis@allen.com,Other,2024-03-26,True,451.99,Bronze
D0305,Robert,Moore,wesleyhutchinson@turner.com,Male,2024-10-02,False,6055.49,Gold
D0306,Margaret,Rodriguez,sharon81@gmail.com,Female,2022-11-05,False,319.67,Bronze
D0307,Stacie,Patel,ricky12@hotmail.com,Other,2021-05-21,True,8397.17,Gold
D0308,Kimberly,Mclean,clarkvictoria@rogers.net,Other,2025-01-23,False,7091.94,Gold
D0309,Michele,Walker,xlyons@walsh.org,Male,2020-10-17,False,5735.92,Gold
D0310,Steven,Salas,westtanya@williams-brown.net,Other,2022-06-01,True,4909.25,Silver
D0311,Kyle,Lara,fbrown@gmail.com,Female,2022-11-09,True,1589.65,Silver
D0312,Lindsay,Carlson,frankkatherine@hotmail.com,Other,2021-09-23,False,4753.25,Silver
D0313,Nicholas,Leon,pleblanc@acevedo-delacruz.com,Female,2024-06-08,False,2895.55,Silver
D0314,Felicia,Austin,victoria05@guzman.biz,Other,2025-04-13,False,4626.63,Silver
D0315,Pamela,Murillo,belinda90@gmail.com,Other,2020-08-21,True,3649.03,Silver
D0316,Julie,Morrison,danielroberts@hotmail.com,Female,2023-07-03,False,2247.82,Silver
D0317,Lauren,Maxwell,pphelps@gmail.com,Female,2022-11-23,False,2146.6,Silver
D0318,David,Miller,elizabeth18@yahoo.com,Other,2025-02-08,False,9351.7,Gold
D0319,Pamela,Todd,steven46@hopkins.org,Male,2022-11-22,False,9487.45,Gold
D0320,Kimberly,Yoder,joseph46@solis-garcia.com,Other,2025-04-08,True,3427.72,Silver
D0321,Lisa,Hall,brownvictoria@yahoo.com,Other,2020-08-18,False,7022.44,Gold
D0322,Veronica,Walters,emcmillan@hotmail.com,Other,2022-02-15,True,6366.7,Gold
D0323,Ronnie,Baird,allensmith@yahoo.com,Male,2021-10-09,False,693.96,Bronze
D0324,Nicole,Thornton,qjohnson@gmail.com,Male,2024-12-07,False,1433.49,Silver
D0325,Harold,Brown,maylisa@hernandez.com,Other,2022-10-21,False,5613.5,Gold
D0326,Russell,Morris,lindsaymills@hotmail.com,Male,2024-10-02,False,206.28,Bronze
D0327,Andrew,Wilson,williemccarthy@hotmail.com,Female,2021-07-03,False,2098.22,Silver
D0328,Nancy,Duffy,johnny08@hotmail.com,Male,2024-09-01,True,9069.62,Gold
D0329,Kimberly,Mercer,tlandry@hotmail.com,Male,2020-11-16,True,9147.74,Gold
D0330,Christopher,Gilbert,lindablair@hotmail.com,Other,2021-04-07,True,1574.5,Silver
D0331,Cassandra,White,pearsonjames@yahoo.com,Male,2022-12-20,False,5926.43,Gold
D0332,Marcus,Green,katiewilliams@ruiz.info,Male,2023-06-18,True,3823.71,Silver
D0333,Jonathan,Watson,gregoryjimmy@hotmail.com,Female,2024-06-06,False,7710.27,Gold
D0334,Jerry,Clark,kim71@hotmail.com,Other,2022-09-08,False,1287.67,Silver
D0335,Tamara,Davidson,joseph47@parks.biz,Male,2022-12-11,True,8757.81,Gold
D0336,Denise,Rodriguez,frankjohnson@hotmail.com,Other,2023-03-29,True,4197.59,Silver
D0337,Jessica,Dunlap,tiffany10@howell.net,Male,2020-09-12,False,7885.61,Gold
D0338,Rhonda,Rich,cruzandrew@hotmail.com,Male,2022-03-23,False,441.87,Bronze
D0339,Amber,Young,cfranklin@gmail.com,Female,2021-03-21,False,8153.11,Gold
D0340,Lisa,Cole,michelle34@williamson.com,Male,2023-08-06,True,675.21,Bronze
D0341,Rebecca,Clark,eric20@yahoo.com,Female,2023-01-03,True,4480.24,Silver
D0342,Todd,Harris,jason68@yahoo.com,Male,2020-09-23,False,3500.11,Silver
D0343,Crystal,Collins,tara02@yahoo.com,Female,2022-05-27,False,2634.0,Silver
D0344,Haley,Perez,julie43@yahoo.com,Other,2020-11-13,True,9492.45,Gold
D0345,Emily,Jennings,mparker@hart-davis.info,Other,2023-12-03,True,226.08,Bronze
D0346,Kenneth,Ford,dickersonemily@yahoo.com,Other,2022-06-15,True,908.28,Bronze
D0347,Daniel,Jimenez,jacquelinebuchanan@gmail.com,Male,2021-10-22,False,8325.92,Gold
D0348,Cameron,Williams,mgraham@hotmail.com,Female,2022-10-14,True,2062.4,Silver
D0349,Rebecca,Ortiz,belinda66@yahoo.com,Male,2022-01-22,True,3141.35,Silver
D0350,Richard,Smith,yturner@fletcher.com,Female,2021-09-21,True,5642.4,Gold
D0351,John,Booker,christina61@arroyo-sexton.com,Male,2022-10-12,False,5687.63,Gold
D0352,Steven,Brown,timothybrown@chen.com,Other,2025-02-13,True,1992.11,Silver
D0353,Alejandro,James,bryan57@gmail.com,Male,2020-11-12,False,874.63,Bronze
D0354,Jasmine,Bowman,brandon42@yahoo.com,Male,2024-09-29,False,3476.07,Silver
D0355,Glen,Gardner,durhammaurice@mccoy-chase.com,Male,2022-02-13,False,9203.05,Gold
D0356,Matthew,Paul,rodriguezsavannah@burns-peterson.org,Female,2021-12-24,False,9115.71,Gold
D0357,Dustin,Taylor,kyleromero@russell.com,Female,2024-10-29,False,2446.21,Silver
D0358,Derek,Bradley,bethoneal@reeves.org,Female,2021-09-28,True,2096.25,Silver
D0359,Alicia,Moore,rebecca79@campbell-bautista.com,Female,2021-11-11,False,3034.13,Silver
D0360,Brian,Pierce,kscott@friedman-soto.com,Other,2022-05-06,False,1171.05,Silver
D0361,Alexandra,Patterson,kellygarza@gmail.com,Female,2021-03-28,True,5268.44,Gold
D0362,Sarah,Pace,andre93@drake-robinson.com,Female,2023-08-26,True,9705.6,Gold
D0363,Colleen,Vazquez,kinggina@cole.com,Male,2021-12-25,True,1262.26,Silver
D0364,Virginia,Boyer,robin16@nguyen-holmes.com,Other,2025-04-20,True,5283.54,Gold
D0365,Abigail,Dodson,william25@gmail.com,Male,2023-06-16,False,9793.88,Gold
D0366,Matthew,Grant,obrown@garcia.info,Other,2023-09-10,False,5310.14,Gold
D0367,David,Richards,lyonsmegan@kim.biz,Female,2022-10-02,False,2398.84,Silver
D0368,Christopher,Snow,goodmelanie@matthews.biz,Male,2025-05-04,True,3796.75,Silver
D0369,David,Ross,alexander84@hotmail.com,Other,2020-11-06,False,7116.44,Gold
D0370,Michael,Watts,valenzuelalaura@johnson.net,Other,2025-03-11,True,7818.12,Gold
D0371,Darren,Atkins,mary00@crosby-lee.org,Other,2020-12-09,False,9728.0,Gold
D0372,Andrew,West,wperez@gibson-arnold.info,Female,2022-02-09,False,7702.07,Gold
D0373,Rose,Poole,achapman@ayers.com,Other,2024-06-06,True,3393.08,Silver
D0374,David,Lopez,ahardin@palmer.info,Male,2024-11-30,False,3829.18,Silver
D0375,John,Rodriguez,jpoole@wilson.biz,Male,2024-03-20,True,7733.63,Gold
D0376,Michael,Morales,jennifer26@taylor.com,Male,2021-06-04,True,9179.42,Gold
D0377,Christopher,Clark,david69@hotmail.com,Other,2021-08-18,False,7860.54,Gold
D0378,Meagan,Wright,gavin42@yahoo.com,Other,2021-07-16,False,4861.42,Silver
D0379,Thomas,Jones,ubond@nash.org,Other,2021-05-05,True,9964.89,Gold
D0380,Ryan,Phillips,jamie80@smith.info,Other,2024-12-24,True,6493.91,Gold
D0381,Mary,Hill,amysmith@frazier-walker.com,Other,2024-12-26,False,3580.91,Silver
D0382,Douglas,Jefferson,jennifernguyen@yahoo.com,Male,2021-08-05,True,328.71,Bronze
D0383,Christine,Church,nicholas01@fowler.com,Male,2022-05-24,False,4753.56,Silver
D0384,Tony,Cruz,hernandezmichael@knight-mendez.info,Male,2021-09-07,True,3943.34,Silver
D0385,Ricky,Martin,nancyrodriguez@mendez-hoffman.info,Male,2024-09-01,False,8303.95,Gold
D0386,Tonya,Mathis,ronaldpayne@burns.com,Other,2023-02-08,True,3917.32,Silver
D0387,Kristie,Joseph,jennifershaw@gmail.com,Other,2025-04-10,True,4428.2,Silver
D0388,Derek,Washington,collinsjoshua@hotmail.com,Other,2024-04-29,True,3485.81,Silver
D0389,Alexander,Norris,kbrooks@hotmail.com,Female,2020-10-15,False,1727.74,Silver
D0390,Ann,Gregory,lori87@yahoo.com,Other,2024-06-25,False,4835.54,Silver
D0391,Timothy,Jackson,atkinsondanielle@bradley-gardner.com,Other,2022-03-29,True,1063.83,Silver
D0392,Ryan,May,jonathan95@yahoo.com,Female,2020-05-27,False,6915.2,Gold
D0393,Lucas,Flores,jjennings@bell.org,Female,2020-08-13,True,4114.56,Silver
D0394,Samantha,Brown,jamesclark@gmail.com,Male,2020-10-08,True,1992.95,Silver
D0395,Vincent,Ellis,christinahuang@fry.com,Female,2024-10-03,False,5520.38,Gold
D0396,Hector,Williams,daniel31@anderson-vazquez.org,Other,2024-05-18,True,1918.84,Silver
D0397,Amanda,Shaffer,cochrankathryn@yahoo.com,Other,2022-12-09,True,2912.8,Silver
D0398,Julie,Barnes,baldwinmichael@hotmail.com,Other,2021-01-23,True,9855.72,Gold
D0399,Amanda,Hayes,ramossean@hotmail.com,Male,2021-09-09,True,3142.64,Silver
D0400,David,Morales,danieljohnson@gmail.com,Male,2022-05-15,True,8730.87,Gold
D0401,Michael,Ewing,karendean@gmail.com,Other,2020-08-14,False,4944.69,Silver
D0402,Micheal,Vega,theresa79@yahoo.com,Male,2022-04-05,True,7930.58,Gold
D0403,Preston,Castillo,mary08@hotmail.com,Male,2024-02-16,False,8791.38,Gold
D0404,Marcus,Cook,fhayes@yahoo.com,Female,2020-06-21,True,341.98,Bronze
D0405,Lisa,Klein,westandre@gmail.com,Other,2022-08-09,False,9049.53,Gold
D0406,Cynthia,Glover,christophermurray@nelson.com,Female,2020-10-14,False,4659.46,Silver
D0407,Michael,Nielsen,mikehampton@yahoo.com,Female,2025-05-07,True,4779.63,Silver
D0408,Kyle,Parks,dennis02@jones.net,Other,2021-10-13,False,2362.94,Silver
D0409,Eric,Schaefer,krista37@gmail.com,Female,2025-01-04,False,9735.4,Gold
D0410,Patrick,Wilson,gabriellekeller@roberts-cummings.com,Female,2023-06-29,False,8760.51,Gold
D0411,Robin,George,jwebb@gmail.com,Male,2024-12-16,False,5567.22,Gold
D0412,Tracy,Ho,roblestroy@kidd-williams.info,Female,2023-10-13,True,3233.8,Silver
D0413,Ebony,Gray,christopher04@young.com,Other,2022-03-16,False,219.96,Bronze
D0414,Kevin,Wells,allencaitlin@yahoo.com,Female,2022-08-28,False,6023.7,Gold
D0415,Jessica,Yu,billy52@gmail.com,Male,2020-09-16,False,848.5,Bronze
D0416,Dana,Ward,huntermichael@smith.com,Male,2022-07-28,True,8972.55,Gold
D0417,David,Berry,hflynn@hotmail.com,Male,2022-02-12,True,7384.4,Gold
D0418,Nathaniel,Cox,thomasbaldwin@gmail.com,Female,2024-07-07,False,7426.49,Gold
D0419,Nancy,Pennington,gina16@gmail.com,Other,2024-08-25,True,2311.18,Silver
D0420,Sharon,Martin,prichard@hotmail.com,Female,2021-03-01,False,5034.42,Gold
D0421,Philip,Pham,megan25@gmail.com,Other,2023-09-21,False,2020.33,Silver
D0422,Stephanie,Davenport,keithjames@sparks.com,Other,2022-01-11,False,7794.17,Gold
D0423,Jonathan,Anthony,oreynolds@gmail.com,Male,2022-08-24,True,9379.5,Gold
D0424,Carl,Kelley,stephaniebryant@yahoo.com,Male,2020-10-28,False,2481.03,Silver
D0425,Daniel,Kramer,tuckerjulie@hill-morales.com,Male,2022-04-12,False,3369.31,Silver
D0426,Amber,Nelson,esanchez@gmail.com,Other,2022-03-20,True,8333.69,Gold
D0427,Traci,Wallace,leejohnson@yahoo.com,Other,2023-09-04,True,2902.37,Silver
D0428,Kimberly,Diaz,lauren73@hotmail.com,Female,2022-12-24,False,1160.1,Silver
D0429,Chelsea,Stone,caitlyn87@bradford.com,Female,2023-12-30,True,9534.66,Gold
D0430,Cindy,Welch,shermanjasmine@leach.info,Male,2022-12-12,False,2396.84,Silver
D0431,Lindsey,Torres,sreyes@martin.com,Other,2022-04-15,False,2692.35,Silver
D0432,Erika,Meyers,qjohnson@horne-burke.org,Female,2024-05-13,True,6493.69,Gold
D0433,Katherine,Perez,ahendricks@hotmail.com,Male,2024-12-21,False,9726.98,Gold
D0434,John,Herring,andersonkathleen@vance-smith.com,Female,2022-08-18,True,7427.78,Gold
D0435,Mercedes,Brown,cfuller@hotmail.com,Male,2023-10-12,True,6469.58,Gold
D0436,Charlotte,Woods,codyhuang@daniel.com,Other,2023-09-16,False,5079.35,Gold
D0437,Victoria,Wilcox,dunnwilliam@yahoo.com,Female,2021-07-12,True,9415.48,Gold
D0438,Mary,Flowers,cooperrichard@yahoo.com,Female,2023-11-01,False,1666.09,Silver
D0439,Ashley,Sherman,stephanie37@foley-sanchez.net,Other,2023-07-27,True,13.13,Bronze
D0440,Taylor,Rodriguez,russellchristina@harper-charles.org,Other,2023-10-18,True,3110.71,Silver
D0441,Ethan,Shaw,becksheila@hotmail.com,Other,2021-05-21,False,6670.42,Gold
D0442,Patricia,Johnston,lking@roach-brown.org,Other,2024-08-11,False,7695.31,Gold
D0443,Sandra,Watkins,brittany68@rodriguez.org,Other,2022-05-13,True,7358.86,Gold
D0444,Danielle,Meadows,jmoore@malone.biz,Male,2025-03-01,True,6967.95,Gold
D0445,Amy,Contreras,amandahill@gmail.com,Female,2023-06-24,False,2016.89,Silver
D0446,Jamie,Suarez,hatfieldtodd@buchanan.info,Other,2021-06-18,False,9432.47,Gold
D0447,Glenn,Williams,haynessamantha@kennedy.com,Other,2021-09-08,False,6724.53,Gold
D0448,Benjamin,Flores,smorrison@yahoo.com,Other,2025-01-26,False,7522.01,Gold
D0449,Theresa,Williams,xellison@brewer-huffman.com,Female,2022-12-11,False,980.96,Bronze
D0450,Tony,Woodard,briananderson@jackson-brown.net,Other,2024-07-25,True,8668.45,Gold
D0451,Amy,Gilbert,dphillips@yahoo.com,Other,2023-06-26,True,8215.19,Gold
D0452,Jessica,Reeves,gnichols@grant-drake.info,Male,2024-11-16,True,6931.38,Gold
D0453,Juan,Wade,scottjennifer@gmail.com,Female,2021-03-11,False,3564.08,Silver
D0454,Amy,Meyers,djohnson@richardson.com,Male,2023-03-02,False,1871.96,Silver
D0455,Sheila,Padilla,ybarnett@sanchez.info,Female,2023-01-06,False,4250.74,Silver
D0456,Bradley,Stewart,williamssummer@steele.com,Other,2024-08-01,False,1114.02,Silver
D0457,Kelli,Parker,plowe@hotmail.com,Female,2022-09-22,False,830.29,Bronze
D0458,Tony,Fisher,sandra28@edwards.com,Other,2023-08-19,True,8783.6,Gold
D0459,Amber,Browning,fhendrix@lopez-welch.com,Female,2025-05-26,False,9895.06,Gold
D0460,Ann,Avila,rodriguezdaniel@gmail.com,Female,2023-05-16,True,5895.33,Gold
D0461,Timothy,Ray,arichardson@yahoo.com,Other,2021-08-29,True,8890.5,Gold
D0462,Chase,Simmons,cherylrodriguez@gmail.com,Male,2021-03-29,True,2115.13,Silver
D0463,Tina,Matthews,debra78@hotmail.com,Female,2024-12-29,False,207.85,Bronze
D0464,Elizabeth,Alvarado,thompsondonna@jones.com,Male,2025-03-31,False,7873.07,Gold
D0465,Gregory,Jackson,dkeith@hotmail.com,Male,2021-02-05,False,4575.45,Silver
D0466,Michael,Christian,josephchase@may-marsh.com,Other,2021-06-08,True,788.88,Bronze
D0467,Debra,Savage,choffman@gmail.com,Female,2022-09-08,False,4152.72,Silver
D0468,Cheryl,Watts,ihenry@gmail.com,Other,2022-03-04,False,5940.99,Gold
D0469,William,Kennedy,leah70@yahoo.com,Male,2021-03-07,False,1338.42,Silver
D0470,Tanya,Johnson,qallen@yahoo.com,Other,2022-05-29,True,9289.37,Gold
D0471,Stephen,Johnson,nicholas11@gmail.com,Other,2020-07-29,True,5332.01,Gold
D0472,Tracy,Rodriguez,christopher47@yahoo.com,Female,2022-11-06,False,1642.05,Silver
D0473,Jose,Johnson,fvasquez@gmail.com,Other,2023-12-27,True,7178.24,Gold
D0474,Jason,Bishop,shawnajohnson@avila.biz,Female,2021-07-02,False,2201.84,Silver
D0475,Mario,Sims,brownrandy@thompson-parker.com,Female,2025-04-06,False,9850.57,Gold
D0476,Jennifer,Weeks,xdavis@adkins.com,Male,2022-03-23,True,7051.45,Gold
D0477,Meagan,Young,masonjennifer@newton.com,Male,2023-07-07,True,5311.99,Gold
D0478,Richard,Kelly,ericestes@gmail.com,Male,2022-09-04,False,9151.18,Gold
D0479,Charles,Vega,karengoodman@stout.com,Other,2022-08-05,True,8952.73,Gold
D0480,Erica,Wilson,patriciacarlson@medina.com,Other,2024-11-24,True,2423.82,Silver
D0481,Patrick,Marquez,brandondavidson@yahoo.com,Male,2023-01-02,False,9400.12,Gold
D0482,Christopher,Harris,tjones@hotmail.com,Male,2024-09-23,False,4014.68,Silver
D0483,Jason,Wright,sean33@hotmail.com,Male,2022-12-27,False,3818.93,Silver
D0484,Leah,Collins,alexis78@gmail.com,Male,2024-05-20,True,4058.29,Silver
D0485,Lori,Johnson,uedwards@hotmail.com,Male,2022-11-05,False,543.49,Bronze
D0486,Kimberly,Mason,scott06@gmail.com,Other,2023-10-15,True,5696.38,Gold
D0487,Jacqueline,Smith,virginia54@rojas.info,Other,2023-07-15,False,3309.97,Silver
D0488,Kelly,Ayala,cynthiaporter@glover-miller.net,Female,2024-10-23,True,4126.37,Silver
D0489,Laura,Holland,hernandezjohn@smith.com,Female,2022-08-26,True,4820.57,Silver
D0490,Tammy,Roberts,anthonybryant@campos.biz,Other,2024-03-13,False,893.37,Bronze
D0491,Nicholas,Johnson,richardsjoseph@gmail.com,Other,2020-08-20,False,5923.23,Gold
D0492,Travis,Fox,joann38@gmail.com,Female,2022-12-20,False,8318.51,Gold
D0493,Charles,Hamilton,steven45@riley.info,Other,2021-12-02,True,5706.14,Gold
D0494,Steven,Vance,graykaylee@yahoo.com,Male,2021-02-28,True,5901.53,Gold
D0495,Dalton,Crawford,evangallagher@perez.net,Female,2023-03-26,True,8496.41,Gold
D0496,Douglas,Barnett,judygarcia@smith-hernandez.org,Male,2020-08-26,False,9934.94,Gold
D0497,Lori,Hernandez,janice18@yahoo.com,Other,2022-01-26,True,5601.64,Gold
D0498,Jennifer,Williams,jeremybennett@hotmail.com,Other,2025-03-17,False,439.35,Bronze
D0499,Lori,Charles,smithmichele@hunt.com,Female,2023-07-17,False,6686.3,Gold
D0500,Alexis,Campos,perrycory@ellis.com,Other,2023-05-09,False,1287.91,Silver
D0501,Paul,Smith,codyjones@gmail.com,Other,2024-07-04,False,2647.21,Silver
D0502,Dana,Lloyd,christopher68@yahoo.com,Other,2022-09-05,True,9786.93,Gold
D0503,Wendy,Lawson,gcoleman@howard.net,Female,2021-09-04,False,6535.07,Gold
D0504,Levi,Cortez,zcohen@hotmail.com,Male,2022-10-01,False,8916.29,Gold
D0505,David,Singleton,vdavidson@gmail.com,Female,2023-05-17,True,6030.78,Gold
D0506,Jessica,Dunlap,dana77@gmail.com,Male,2021-02-16,True,3186.55,Silver
D0507,Heather,Terry,jenniferdougherty@yahoo.com,Other,2025-05-17,True,1152.82,Silver
D0508,Michael,Taylor,murrayjoshua@poole.org,Female,2022-07-09,False,4866.17,Silver
D0509,Karen,Green,amy22@olson-phillips.com,Other,2022-05-12,False,6910.46,Gold
D0510,Patricia,Cortez,wenglish@gmail.com,Female,2023-02-26,False,6433.94,Gold
D0511,Eric,Fowler,bhamilton@cobb-hall.net,Other,2020-12-16,True,2347.91,Silver
D0512,Allison,Williams,mcdonaldnicholas@ramsey.org,Male,2020-10-28,False,2035.2,Silver
D0513,Morgan,Knox,johnbryan@yahoo.com,Other,2023-06-10,True,9685.72,Gold
D0514,Michael,Cruz,hudsonpaul@gmail.com,Female,2021-12-18,True,6867.96,Gold
D0515,Steven,Miles,travis85@hotmail.com,Other,2021-09-12,True,2338.75,Silver
D0516,Stephen,Lopez,kavila@hotmail.com,Female,2021-10-09,True,7723.09,Gold
D0517,Dominique,Adams,campbellwilliam@hamilton-williamson.com,Male,2022-06-08,True,9961.27,Gold
D0518,Scott,Odom,kelsey65@farmer-sanchez.com,Female,2021-07-10,False,9664.09,Gold
D0519,Sarah,Everett,yserrano@hotmail.com,Other,2023-09-28,True,7858.81,Gold
D0520,Mark,Williams,heathersmith@yahoo.com,Male,2021-06-05,False,8670.86,Gold
D0521,Matthew,Walton,qguzman@simon-padilla.com,Female,2025-03-08,True,4649.81,Silver
D0522,Susan,Griffin,newmanbrittany@jones-wilson.net,Male,2023-01-03,True,1960.27,Silver
D0523,Keith,Randolph,brennanmegan@gmail.com,Male,2023-08-28,False,797.6,Bronze
D0524,Rodney,Sparks,jesse64@jimenez.biz,Other,2022-05-27,False,4716.59,Silver
D0525,Cynthia,Scott,johnsonsusan@hunt.com,Other,2022-01-01,True,3818.48,Silver
D0526,Brooke,Dean,ismith@perez.com,Male,2023-06-09,False,4883.01,Silver
D0527,Katelyn,Owens,mcbridepatrick@villarreal-anderson.com,Female,2021-10-12,True,7870.95,Gold
D0528,Danielle,Alexander,oluna@jackson.com,Male,2023-06-03,False,925.46,Bronze
D0529,Dean,Ward,singhtracy@gmail.com,Male,2020-08-19,False,5644.93,Gold
D0530,Charles,Warren,urobinson@hubbard.com,Other,2022-02-11,True,3375.4,Silver
D0531,Paul,Smith,spearson@hotmail.com,Other,2022-09-03,True,6461.91,Gold
D0532,Tanya,Crane,travissanchez@baker.com,Other,2024-05-11,True,965.96,Bronze
D0533,Holly,Strickland,kimberly38@gmail.com,Male,2023-08-27,False,3818.01,Silver
D0534,Daniel,Simmons,andrewrocha@hotmail.com,Female,2020-09-01,False,9585.48,Gold
D0535,James,Perez,zreynolds@gmail.com,Male,2021-11-15,False,3036.3,Silver
D0536,Kimberly,Garcia,vflores@mason.org,Male,2023-10-20,True,8259.75,Gold
D0537,Donald,Perez,qgomez@yahoo.com,Female,2022-05-23,True,5728.65,Gold
D0538,Melissa,Brown,timothymolina@hancock.com,Other,2022-08-30,False,1383.37,Silver
D0539,Claire,Phillips,juliewest@yahoo.com,Male,2021-08-18,False,1796.78,Silver
D0540,Daniel,Wade,bridgetdavis@lawrence-torres.net,Female,2024-06-13,True,308.27,Bronze
D0541,Robert,Howard,schultzkathleen@hotmail.com,Male,2020-11-12,False,7999.17,Gold
D0542,Alyssa,Kennedy,novaksarah@lozano.biz,Other,2020-09-15,False,1985.32,Silver
D0543,Nathan,Smith,katherineflowers@cruz.info,Other,2022-04-09,True,3854.03,Silver
D0544,Sarah,Smith,julianbeck@gmail.com,Female,2020-12-19,False,2439.11,Silver
D0545,Nancy,Moore,leedeborah@hotmail.com,Other,2022-05-16,True,6494.54,Gold
D0546,Raymond,Sandoval,david47@williams.com,Other,2024-02-06,False,1181.45,Silver
D0547,Toni,Patterson,dana48@johnson.org,Female,2024-12-07,False,9096.85,Gold
D0548,Robert,Bond,courtneymerritt@harper.com,Other,2023-10-30,False,5579.87,Gold
D0549,Stephen,Anderson,robertscassandra@hotmail.com,Female,2021-01-17,True,8395.7,Gold
D0550,Lisa,Moore,christopher35@reyes-nelson.biz,Male,2022-10-31,False,698.55,Bronze
D0551,Bryce,Morrison,swansonjeffrey@brown.com,Female,2025-01-27,False,9846.64,Gold
D0552,Christopher,Leon,stevenromero@bowman.com,Female,2023-08-25,True,2291.55,Silver
D0553,Craig,Lyons,butlerpeter@hotmail.com,Female,2021-10-20,True,3355.12,Silver
D0554,James,Lawson,ucarson@martinez.com,Other,2022-09-05,False,836.45,Bronze
D0555,Rachel,Smith,james02@yahoo.com,Female,2020-12-28,False,6102.92,Gold
D0556,Steven,Short,julia77@yahoo.com,Male,2021-02-20,True,6502.27,Gold
D0557,Kevin,Harris,ryancindy@strong-dunn.net,Other,2024-10-12,True,514.55,Bronze
D0558,Jasmine,Smith,bstanley@hotmail.com,Female,2024-07-03,True,391.47,Bronze
D0559,Karen,Williams,kristin28@perez.com,Female,2021-07-18,False,7066.08,Gold
D0560,Vanessa,Case,cassiemiller@gregory.com,Other,2022-11-23,True,9773.93,Gold
D0561,Angela,Mitchell,thomasandrews@yahoo.com,Other,2021-08-24,True,4025.49,Silver
D0562,Jessica,Ryan,scott73@gmail.com,Other,2023-01-30,False,8363.22,Gold
D0563,Morgan,Martin,jody20@yahoo.com,Other,2025-01-31,True,6655.92,Gold
D0564,Barbara,Palmer,lryan@reyes.info,Other,2023-04-10,True,8522.7,Gold
D0565,Tina,Nelson,aaronknapp@gill.org,Other,2024-02-19,True,9312.47,Gold
D0566,Shannon,Acosta,anabautista@yahoo.com,Female,2025-04-09,True,3314.87,Silver
D0567,Zachary,Lopez,desireecox@hotmail.com,Male,2021-10-28,False,328.38,Bronze
D0568,Adam,Estes,deanna87@chavez.com,Male,2020-07-19,True,8125.46,Gold
D0569,Cynthia,Brown,brittanywright@hotmail.com,Other,2023-11-17,True,9941.83,Gold
D0570,Carol,Smith,zknox@gmail.com,Male,2023-07-18,False,7837.93,Gold
D0571,Joseph,Scott,jblake@smith.com,Female,2022-01-25,True,7583.18,Gold
D0572,Erik,Wagner,john22@gmail.com,Male,2023-07-01,True,1492.19,Silver
D0573,Kevin,Martin,joseph49@graves.net,Male,2024-01-06,False,3308.08,Silver
D0574,Brian,Barr,stephanie11@smith.biz,Female,2025-02-12,False,6269.24,Gold
D0575,Jerry,Davis,abest@johnson.com,Female,2023-09-27,True,5797.95,Gold
D0576,Donna,Martinez,teresa01@gmail.com,Other,2023-10-21,True,9787.48,Gold
D0577,Ashley,Robertson,charles67@carlson-delgado.net,Female,2023-05-26,True,3682.8,Silver
D0578,Heather,Zimmerman,carpenterdeborah@ford.net,Male,2024-12-05,False,187.92,Bronze
D0579,Kelsey,Thompson,lindamartinez@hotmail.com,Male,2022-01-11,True,4643.34,Silver
D0580,Joshua,Duncan,janice90@mills-stevens.com,Male,2022-02-12,False,582.42,Bronze
D0581,Vanessa,Morales,scott20@yahoo.com,Male,2024-02-07,False,2975.27,Silver
D0582,Gregory,Baird,danadawson@yahoo.com,Other,2022-09-04,False,5583.63,Gold
D0583,Cheryl,Aguilar,steven86@yahoo.com,Female,2020-07-23,False,3097.8,Silver
D0584,Kenneth,Kelley,rebeccathompson@gmail.com,Male,2021-09-08,True,862.03,Bronze
D0585,Candace,Nelson,phillipswendy@strickland.com,Female,2022-09-19,False,7531.34,Gold
D0586,Stefanie,Cole,kylebradley@gmail.com,Female,2021-07-28,False,8132.7,Gold
D0587,Patrick,Taylor,fosterveronica@ramirez.org,Other,2022-09-24,False,9279.99,Gold
D0588,Michael,Jacobs,amanda14@oneill.com,Female,2024-04-27,True,7350.73,Gold
D0589,Monica,Knox,oscar65@hotmail.com,Other,2024-09-07,False,9091.66,Gold
D0590,Cynthia,Perkins,jamescharles@morales.net,Other,2020-05-28,False,209.87,Bronze
D0591,Tony,Ryan,thiggins@owen.com,Other,2024-06-05,True,6426.69,Gold
D0592,Vincent,Lewis,connie46@spencer.com,Other,2021-11-27,False,6839.65,Gold
D0593,Katherine,Wood,pshields@gmail.com,Male,2022-11-21,True,9341.0,Gold
D0594,Christopher,Ryan,ecrawford@hogan.com,Female,2024-09-18,True,4485.05,Silver
D0595,Nathaniel,King,hcompton@lee.com,Female,2020-11-25,True,5030.95,Gold
D0596,Julia,Hall,glennmathis@lane.com,Female,2022-02-24,True,9123.47,Gold
D0597,Andrew,Leonard,stewartlindsey@allen.com,Female,2022-11-15,False,8568.61,Gold
D0598,Joseph,Kelley,stephaniejohnson@griffin.com,Female,2021-01-04,False,9495.75,Gold
D0599,Shawn,Kaufman,znelson@moore-armstrong.com,Male,2021-03-31,True,5665.96,Gold
D0600,Paul,Santos,bradfordmichael@weeks-jackson.org,Female,2023-10-11,False,3587.37,Silver
D0601,Angelica,Steele,stephenrobinson@hotmail.com,Other,2020-10-11,False,4317.64,Silver
D0602,Holly,Boone,smithmorgan@soto.com,Other,2021-09-15,True,2812.41,Silver
D0603,Maria,Berger,wadetammy@hotmail.com,Female,2024-12-15,False,7179.73,Gold
D0604,James,Martinez,njohnson@gmail.com,Female,2024-10-20,True,4216.91,Silver
D0605,Dustin,Brown,vdillon@gmail.com,Male,2021-02-13,False,9402.46,Gold
D0606,Jackson,Johnson,morgananthony@farrell.com,Female,2020-06-18,False,2970.87,Silver
D0607,Jeffrey,Tapia,christopher93@gmail.com,Other,2020-12-14,False,1451.75,Silver
D0608,Justin,Jackson,stoneroger@hotmail.com,Female,2025-05-02,False,7447.62,Gold
D0609,Susan,Choi,rfarmer@hotmail.com,Male,2023-07-06,False,980.93,Bronze
D0610,Jennifer,Waller,dylan04@gmail.com,Other,2023-05-04,False,7139.99,Gold
D0611,Bruce,Dalton,matthew78@carson.info,Female,2020-10-06,True,9629.24,Gold
D0612,Caroline,Ayers,andrademark@gmail.com,Other,2022-02-15,True,8452.39,Gold
D0613,Darren,Martin,adrian80@palmer.com,Male,2023-03-16,False,1250.02,Silver
D0614,April,Sherman,davidcastro@hotmail.com,Male,2020-09-12,False,9166.28,Gold
D0615,Brian,Christian,tamara45@gmail.com,Male,2024-11-01,False,9271.35,Gold
D0616,Laurie,Yates,jennifer37@yahoo.com,Female,2023-06-28,False,3981.38,Silver
D0617,Suzanne,Martin,tabitha76@yahoo.com,Other,2020-06-30,True,1999.57,Silver
D0618,Mark,Sherman,fphillips@gmail.com,Male,2020-11-28,False,8306.05,Gold
D0619,Douglas,Francis,carrie00@gmail.com,Male,2024-10-10,False,9012.91,Gold
D0620,Amber,Erickson,garciacatherine@yahoo.com,Female,2022-09-20,True,7910.28,Gold
D0621,Debra,Brown,kennethconner@yahoo.com,Female,2020-11-24,True,7905.92,Gold
D0622,Alexis,Rogers,ellisreginald@schultz.com,Other,2024-09-10,True,4559.61,Silver
D0623,Chris,Bonilla,ccampbell@gmail.com,Female,2021-02-14,False,6252.3,Gold
D0624,Brandon,Rich,nhawkins@yahoo.com,Male,2022-12-28,False,5382.45,Gold
D0625,Anne,Lopez,ilane@atkins.biz,Female,2023-08-04,False,9011.68,Gold
D0626,Christopher,Barton,jamesroman@yahoo.com,Other,2021-10-07,True,2355.52,Silver
D0627,Sarah,Murray,kpalmer@hotmail.com,Other,2024-04-04,False,4742.58,Silver
D0628,Sheila,Carey,darlenewilliams@ochoa-perez.com,Male,2022-04-14,False,9553.7,Gold
D0629,Kimberly,Cole,simmonsbrittany@fields.biz,Female,2024-10-23,False,6201.07,Gold
D0630,Jared,Mitchell,westkatie@gmail.com,Female,2021-11-17,False,1225.16,Silver
D0631,Kyle,Chavez,rjensen@gmail.com,Other,2022-10-04,True,8341.45,Gold
D0632,Peter,Fuentes,gloria69@yahoo.com,Female,2022-03-31,True,4444.57,Silver
D0633,Stephanie,King,garciadebra@hess.com,Other,2024-02-25,True,5996.35,Gold
D0634,Gerald,Santiago,kimproctor@gmail.com,Other,2022-09-16,False,2342.22,Silver
D0635,Angela,Hernandez,kiddamanda@chavez.info,Other,2024-11-29,False,7340.85,Gold
D0636,Jason,Jenkins,xsilva@anderson-glenn.biz,Male,2022-12-27,False,5956.61,Gold
D0637,Amber,Johnson,merrittmary@rhodes.com,Other,2024-03-31,False,9804.7,Gold
D0638,Kevin,Chavez,shannonstrong@walker.com,Male,2024-03-19,True,3777.91,Silver
D0639,Miguel,Santiago,rsilva@bartlett.com,Male,2022-04-11,True,591.91,Bronze
D0640,Raymond,Klein,robertsdavid@yahoo.com,Female,2025-04-03,False,1683.38,Silver
D0641,Leroy,York,markaustin@walker.com,Female,2025-03-14,True,7411.11,Gold
D0642,Dustin,Hill,dflores@carter-martinez.net,Male,2021-09-20,True,5143.54,Gold
D0643,Kimberly,Crane,tony42@hotmail.com,Male,2024-01-14,True,6755.11,Gold
D0644,Miranda,Brown,huntautumn@delacruz-perry.org,Male,2023-02-06,True,7155.92,Gold
D0645,Sheila,Ferguson,jessica05@long.com,Female,2020-10-25,False,8571.56,Gold
D0646,Mary,Clark,rosedavis@singh.com,Female,2021-04-12,True,4444.61,Silver
D0647,Laura,Thompson,steven71@johnson.net,Female,2020-08-11,True,1526.53,Silver
D0648,Glenn,Henderson,dcarey@gmail.com,Male,2021-12-29,True,3574.51,Silver
D0649,Christian,Contreras,jacksonreginald@gmail.com,Male,2021-02-22,True,2053.49,Silver
D0650,Jennifer,Parsons,sandra62@yahoo.com,Female,2025-03-07,True,3437.59,Silver
D0651,Alexander,Carrillo,zrogers@gmail.com,Male,2023-03-03,False,5832.92,Gold
D0652,Joshua,Jimenez,fcraig@gmail.com,Female,2020-11-10,False,8077.66,Gold
D0653,Rachel,Miller,joshua48@anderson.com,Other,2023-08-10,False,7188.85,Gold
D0654,Victoria,Taylor,lbryant@walsh.net,Female,2022-02-12,True,6894.01,Gold
D0655,Jason,Meza,kennethrobinson@grant.com,Female,2024-09-20,False,1063.75,Silver
D0656,Brandon,Khan,greentammy@gmail.com,Male,2023-08-18,False,9127.69,Gold
D0657,Carrie,Wilson,lauren04@flynn.info,Female,2024-06-26,True,9326.85,Gold
D0658,Dwayne,Mckinney,mcdonaldbrian@gmail.com,Female,2025-02-10,False,1214.66,Silver
D0659,Adam,Moses,javier83@miller.net,Female,2022-11-13,False,513.36,Bronze
D0660,Christina,Barnes,pbeck@hotmail.com,Female,2024-07-15,True,9127.45,Gold
D0661,Jason,Burns,brittanymarshall@rodriguez.org,Male,2021-10-17,True,5942.31,Gold
D0662,Brandy,Ingram,garciaaustin@hotmail.com,Female,2022-03-02,True,4354.92,Silver
D0663,Jeffrey,Simpson,westlori@gmail.com,Male,2023-01-18,False,1899.28,Silver
D0664,Olivia,Hopkins,evansmonica@king.com,Male,2020-10-10,True,615.1,Bronze
D0665,Melissa,Williams,joseph49@yahoo.com,Other,2020-06-30,True,4662.37,Silver
D0666,Amanda,Wright,chad61@miller.com,Male,2020-12-21,True,452.97,Bronze
D0667,Shane,Henderson,michael52@hotmail.com,Male,2021-10-03,True,8012.65,Gold
D0668,Sandra,Chen,swhite@hamilton.com,Female,2022-03-07,True,6421.06,Gold
D0669,Jennifer,Yates,pdalton@gmail.com,Female,2020-07-23,False,2641.16,Silver
D0670,Diana,Washington,dbaird@roberts-fowler.org,Male,2024-02-09,True,4661.42,Silver
D0671,Allison,Lopez,dennis17@gmail.com,Female,2020-06-18,False,1894.08,Silver
D0672,Ryan,Clark,carolynmathis@gmail.com,Other,2020-07-11,False,7776.08,Gold
D0673,Jessica,Anderson,snyderlisa@lin.com,Female,2021-03-31,False,6477.45,Gold
D0674,Beth,Herrera,daisy34@sanders-wallace.net,Male,2025-02-10,True,5236.22,Gold
D0675,Jonathan,Moore,erin28@hotmail.com,Female,2024-11-14,True,6392.12,Gold
D0676,Kurt,Petersen,hutchinsonjasmin@guerrero-parks.com,Female,2024-11-24,False,9733.75,Gold
D0677,Sarah,Cruz,jeffreycummings@hotmail.com,Male,2024-09-03,False,4030.4,Silver
D0678,Suzanne,Delgado,fhenderson@oliver.com,Male,2023-01-30,False,8054.51,Gold
D0679,Kristen,Martinez,smithrandall@hotmail.com,Male,2024-01-30,True,7572.12,Gold
D0680,Scott,Mccarty,robert41@rodriguez.com,Male,2021-09-16,False,4970.87,Silver
D0681,Don,Aguilar,sara42@hotmail.com,Female,2022-03-01,True,9272.58,Gold
D0682,Heather,Morris,jenkinsbradley@gmail.com,Other,2024-05-04,False,9747.23,Gold
D0683,Brady,Mahoney,ejohnson@anderson-nixon.com,Male,2021-07-11,True,1345.05,Silver
D0684,Zachary,Allen,patrickyork@gmail.com,Female,2024-02-05,False,3368.21,Silver
D0685,Jonathan,House,russellnathan@avila-martinez.info,Other,2020-11-06,True,4587.23,Silver
D0686,Jessica,Kennedy,williamswanson@gmail.com,Male,2024-06-14,False,6086.6,Gold
D0687,Daniel,Rush,oliverbailey@simmons-king.com,Other,2021-12-03,False,5247.71,Gold
D0688,Jonathan,Perez,qrice@yahoo.com,Other,2020-07-03,True,3573.21,Silver
D0689,Patrick,Scott,drichard@hotmail.com,Male,2022-02-25,False,153.06,Bronze
D0690,Carrie,Mcintyre,fholt@stark-bell.com,Male,2022-06-26,False,3031.33,Silver
D0691,James,Trevino,steven82@mason-lawrence.com,Other,2024-06-10,True,8118.28,Gold
D0692,Peter,Campbell,alowery@woods.biz,Male,2022-01-13,True,1173.59,Silver
D0693,Angel,Evans,latoya25@yahoo.com,Female,2024-03-09,False,354.38,Bronze
D0694,Amber,Perez,brookesimpson@gmail.com,Other,2020-06-04,True,7265.36,Gold
D0695,Kimberly,Lee,amandabrown@yahoo.com,Male,2024-06-07,True,2762.98,Silver
D0696,John,Carey,donald80@gmail.com,Female,2025-01-10,True,293.28,Bronze
D0697,Phillip,Miller,beth24@nelson.com,Female,2023-09-06,True,789.97,Bronze
D0698,Brian,Cross,ramirezbrianna@hotmail.com,Male,2021-10-20,True,5617.48,Gold
D0699,Barry,White,peterstroy@hotmail.com,Male,2023-01-01,True,1312.03,Silver
D0700,Wanda,Ford,kyleporter@foley.biz,Other,2021-07-01,True,2855.76,Silver
D0701,Christine,Owens,clayton93@barry-singleton.com,Female,2023-01-16,False,5898.12,Gold
D0702,Shane,Ortega,turnermary@hotmail.com,Male,2023-12-31,True,5791.18,Gold
D0703,Teresa,Green,qsmith@travis.net,Female,2024-03-14,True,9604.07,Gold
D0704,Elizabeth,Daniels,robertreynolds@richardson.info,Female,2021-04-14,True,2108.71,Silver
D0705,Christy,White,samantha23@white-miller.com,Other,2020-08-26,True,2372.75,Silver
D0706,Joanna,Anderson,thorne@gmail.com,Other,2024-11-03,False,5415.77,Gold
D0707,Bonnie,Hardin,lisaschultz@gmail.com,Female,2023-11-26,True,1405.7,Silver
D0708,Brian,Davis,jenna44@gmail.com,Female,2022-02-10,False,111.05,Bronze
D0709,Walter,Huynh,chelseamartin@gmail.com,Male,2022-06-02,False,4830.67,Silver
D0710,Maria,Hicks,aperez@gmail.com,Female,2022-02-07,True,4335.82,Silver
D0711,George,Sloan,gilmorenathan@gonzalez.com,Male,2023-05-24,True,5192.24,Gold
D0712,Carl,Ochoa,hmarsh@yahoo.com,Female,2024-06-23,False,2730.1,Silver
D0713,Eric,Walker,david42@yahoo.com,Female,2023-12-01,False,5702.35,Gold
D0714,Miranda,Flores,christopherlee@dillon.org,Female,2022-07-29,True,2481.49,Silver
D0715,Tyler,Peterson,duarteashley@yahoo.com,Female,2021-05-25,True,5803.44,Gold
D0716,Jason,Waters,loganelizabeth@gmail.com,Other,2022-11-27,True,9276.96,Gold
D0717,Stephanie,Gilmore,austincorey@hess-wheeler.biz,Female,2025-04-26,False,6775.65,Gold
D0718,Shawn,Herrera,browncrystal@hotmail.com,Other,2022-02-09,False,8294.43,Gold
D0719,Jacob,Knight,nnelson@hotmail.com,Female,2022-07-14,False,3377.2,Silver
D0720,Kelly,Butler,sharoncain@yahoo.com,Female,2024-08-23,False,6485.55,Gold
D0721,Amber,Clark,ryanwood@jones.biz,Other,2022-12-30,True,7192.15,Gold
D0722,Benjamin,Sims,diamondbrown@gray.com,Female,2025-05-01,False,3585.88,Silver
D0723,Jason,Hill,frank04@schroeder.com,Male,2024-09-12,False,3328.29,Silver
D0724,Daniel,Edwards,timothy21@larsen.info,Male,2020-08-08,True,854.73,Bronze
D0725,William,Frazier,juan93@yahoo.com,Female,2021-12-02,False,2029.79,Silver
D0726,David,Glover,rebecca34@yahoo.com,Male,2024-10-18,False,5406.67,Gold
D0727,Rebecca,Roy,nsanford@gmail.com,Male,2022-07-15,True,4145.73,Silver
D0728,Amanda,Harris,wadams@yahoo.com,Other,2020-06-13,False,8654.37,Gold
D0729,William,Mooney,davidgibson@rodriguez.com,Female,2022-12-19,True,1975.93,Silver
D0730,Laura,Hernandez,kathleenbrown@morris-martin.com,Other,2023-01-11,False,3964.95,Silver
D0731,Angela,Cooper,william60@christensen-garcia.com,Male,2021-11-14,True,2095.97,Silver
D0732,Kim,Chen,angelica78@gmail.com,Female,2023-02-22,False,3656.13,Silver
D0733,Daniel,Roth,idavis@weaver-ramos.com,Male,2021-03-03,True,9327.46,Gold
D0734,Stephanie,Martin,robertdaniel@lee.net,Other,2021-03-24,False,1353.27,Silver
D0735,James,Brown,kelsey74@yahoo.com,Female,2022-03-31,True,4186.19,Silver
D0736,Ashley,Brown,dmiller@lopez.com,Female,2024-10-27,False,7416.39,Gold
D0737,Joann,Smith,bruce19@lindsey.biz,Other,2023-04-11,False,8217.15,Gold
D0738,Anne,Lewis,hayden45@hotmail.com,Other,2024-02-18,True,1055.97,Silver
D0739,Jeremy,Vaughn,nancybranch@hotmail.com,Other,2024-12-24,True,5916.58,Gold
D0740,Nathan,Mcintosh,parkslynn@gmail.com,Other,2024-10-13,True,2092.39,Silver
D0741,Todd,Gutierrez,achapman@gmail.com,Other,2024-12-28,True,8408.54,Gold
D0742,Kelli,Cook,kimberlyrocha@gmail.com,Male,2022-08-06,False,5942.1,Gold
D0743,Colleen,Smith,sonya54@bennett.com,Female,2025-04-04,False,615.84,Bronze
D0744,Suzanne,Flores,emilytaylor@gmail.com,Other,2023-07-06,False,92.54,Bronze
D0745,April,Hicks,sclark@cooper-simmons.com,Other,2025-01-31,True,7829.31,Gold
D0746,Kenneth,Escobar,charlesstanley@gmail.com,Other,2020-10-24,True,6854.96,Gold
D0747,Isabella,Chavez,john43@hotmail.com,Female,2021-01-10,True,6478.33,Gold
D0748,Joshua,Graham,hortonheather@morris-meyer.com,Female,2020-07-12,False,6612.58,Gold
D0749,Mark,Mccann,powelljames@hotmail.com,Female,2023-08-14,True,8909.65,Gold
D0750,Anthony,Bennett,brittany36@hotmail.com,Other,2025-02-17,False,7160.5,Gold
D0751,Gloria,Santos,tgeorge@gmail.com,Female,2024-01-29,False,3142.72,Silver
D0752,Andrew,Bray,marywilson@hotmail.com,Female,2022-04-11,False,9424.65,Gold
D0753,Benjamin,Davis,manuelunderwood@dominguez.org,Female,2022-01-14,False,666.78,Bronze
D0754,William,Charles,laurahenson@norman.info,Female,2024-02-13,True,4270.1,Silver
D0755,Lisa,Lindsey,epatterson@gmail.com,Other,2022-01-05,False,5381.26,Gold
D0756,Kaylee,Rose,kathleen43@crosby.com,Male,2021-07-15,True,7300.87,Gold
D0757,John,Walker,chelsea83@morgan-mckinney.biz,Male,2021-04-22,True,2164.13,Silver
D0758,Chelsea,West,adam35@yahoo.com,Other,2023-11-02,True,1242.44,Silver
D0759,Jaclyn,Arias,erikacasey@simpson.com,Female,2023-12-29,True,4962.97,Silver
D0760,Michael,Brown,michellehuffman@gmail.com,Female,2023-12-16,True,2156.49,Silver
D0761,Jeremy,Neal,grahamedward@phillips.com,Other,2024-12-09,True,3630.32,Silver
D0762,Walter,Pace,timothy67@garcia.com,Other,2024-11-20,False,9052.18,Gold
D0763,Edward,Carlson,jacquelineschroeder@gmail.com,Female,2021-07-01,False,6012.79,Gold
D0764,Gregory,Peck,scott40@yahoo.com,Other,2021-09-25,True,8649.47,Gold
D0765,Mary,Rivera,mary80@martin-martin.com,Other,2021-01-11,True,3547.28,Silver
D0766,Melissa,Chambers,nhuff@gmail.com,Male,2022-11-25,True,4543.25,Silver
D0767,Joseph,Jacobs,emmaalvarado@pham.com,Other,2021-02-03,False,3970.87,Silver
D0768,Maria,Davis,cbarker@sanchez.org,Male,2023-03-09,False,5186.44,Gold
D0769,Lauren,Sanchez,christian37@nichols-aguirre.org,Male,2023-04-24,False,9478.93,Gold
D0770,Brandy,Murray,jamiehughes@hotmail.com,Male,2024-12-13,True,7688.25,Gold
D0771,Phillip,Clayton,freemanryan@sullivan.com,Male,2023-11-11,True,1542.76,Silver
D0772,Tiffany,Romero,salexander@hotmail.com,Male,2021-11-09,False,1825.6,Silver
D0773,Anthony,Jennings,sean46@gmail.com,Female,2020-12-22,False,7335.75,Gold
D0774,Matthew,Anderson,ccarey@gmail.com,Other,2025-05-23,True,9411.7,Gold
D0775,Daniel,Gonzalez,zacharywilson@wilkinson.com,Male,2022-04-15,True,9623.15,Gold
D0776,Lindsey,Fernandez,amy83@gmail.com,Male,2023-04-07,False,5602.5,Gold
D0777,Craig,Lee,davidhale@frank.info,Female,2023-06-13,True,7681.65,Gold
D0778,Bernard,Mays,yschmidt@sandoval.info,Other,2021-06-14,False,820.98,Bronze
D0779,Jeffrey,Morgan,scarroll@gonzalez.com,Female,2023-05-17,False,794.19,Bronze
D0780,Henry,Ryan,ronaldpearson@yahoo.com,Male,2022-08-16,False,8638.0,Gold
D0781,Maria,Hernandez,grahamhunter@yahoo.com,Male,2024-02-04,True,2020.59,Silver
D0782,Robert,Andrade,heather76@hotmail.com,Female,2023-05-31,False,7184.31,Gold
D0783,Daniel,Hernandez,joelcrosby@yahoo.com,Male,2020-07-28,False,2329.07,Silver
D0784,Gary,Smith,nathanielward@hotmail.com,Other,2022-11-09,False,5843.41,Gold
D0785,Michael,Moreno,zmason@conrad.com,Female,2024-10-02,False,8060.12,Gold
D0786,Cesar,Greene,cjohnson@keller.biz,Female,2020-08-26,True,7401.15,Gold
D0787,Katie,Barrett,kstewart@hotmail.com,Other,2020-06-16,False,4627.45,Silver
D0788,Charles,Reed,marydougherty@pena-taylor.com,Female,2021-04-29,False,1071.8,Silver
D0789,Joshua,Greene,tcase@gmail.com,Female,2022-09-15,False,304.18,Bronze
D0790,Michael,Young,imorrison@beck-woods.org,Female,2024-08-27,False,6324.38,Gold
D0791,Lisa,Stewart,gphillips@yahoo.com,Other,2024-09-23,True,7035.74,Gold
D0792,Crystal,Clark,spencerdean@gmail.com,Male,2024-09-10,False,8349.03,Gold
D0793,Manuel,Cox,kathy12@holloway.com,Male,2021-05-05,True,5555.67,Gold
D0794,Theodore,Walker,warrencorey@yahoo.com,Other,2020-12-01,True,3278.96,Silver
D0795,Sonia,Marshall,baldwinchristine@yahoo.com,Male,2023-10-14,True,8906.33,Gold
D0796,John,Adkins,eatonjeffrey@gmail.com,Female,2023-06-22,True,80.66,Bronze
D0797,Anthony,Ochoa,shawngalloway@walters-harrison.com,Male,2024-07-18,True,4126.09,Silver
D0798,Mandy,Arnold,brianscott@perry-pittman.org,Female,2023-10-09,False,8466.46,Gold
D0799,April,Price,blackryan@hotmail.com,Female,2023-07-29,False,5713.45,Gold
D0800,Linda,Wallace,joshuaarnold@hotmail.com,Female,2020-11-29,False,6620.67,Gold
D0801,Eric,Jackson,ylee@lee-williams.com,Male,2022-01-22,True,5110.41,Gold
D0802,Brett,Rice,sabbott@yahoo.com,Male,2021-10-24,False,8275.49,Gold
D0803,Timothy,Anderson,mitchellmelissa@harris.com,Female,2024-04-16,False,9062.11,Gold
D0804,Thomas,Hunt,nathan44@gmail.com,Other,2024-01-08,True,9924.94,Gold
D0805,Wanda,Key,julie89@yahoo.com,Male,2023-12-27,True,2529.76,Silver
D0806,Steven,Ortega,harriswesley@yahoo.com,Female,2023-04-06,False,8524.73,Gold
D0807,Crystal,Good,kevin85@gmail.com,Female,2024-06-10,False,6467.94,Gold
D0808,Shannon,Smith,fhoward@wilson.com,Other,2022-05-06,False,6131.68,Gold
D0809,Brandon,Boyle,victoria35@gmail.com,Male,2020-06-08,False,8003.88,Gold
D0810,Taylor,Allen,betty17@smith.info,Male,2022-11-18,True,9827.54,Gold
D0811,John,Torres,rrivera@graves-lopez.com,Male,2024-08-17,False,5371.51,Gold
D0812,Whitney,Davis,fsimmons@sheppard.com,Female,2020-12-07,False,7709.0,Gold
D0813,Heidi,Garrett,loganfarmer@gmail.com,Male,2021-03-06,False,7363.94,Gold
D0814,Kevin,Torres,john76@howell-lamb.com,Female,2022-06-27,True,8056.53,Gold
D0815,Kristine,Moran,jasonstephens@hernandez-smith.com,Other,2022-08-07,True,3212.92,Silver
D0816,Joseph,Johnson,sarahwood@hotmail.com,Other,2021-12-27,False,6137.47,Gold
D0817,Charles,Lopez,owensaaron@baker.com,Female,2024-08-12,True,7131.22,Gold
D0818,Scott,Cobb,ogonzales@yahoo.com,Other,2024-11-10,True,9597.76,Gold
D0819,Mark,Rodriguez,watsonedwin@hotmail.com,Male,2020-10-26,False,4427.42,Silver
D0820,Annette,Miles,ryan55@yahoo.com,Male,2023-03-29,True,1702.14,Silver
D0821,David,Sheppard,williamstyrone@hotmail.com,Other,2023-05-11,True,1112.25,Silver
D0822,Matthew,Velasquez,nwhite@yahoo.com,Male,2023-05-23,False,820.24,Bronze
D0823,Laurie,Harrington,xtorres@gmail.com,Other,2022-07-18,False,3987.26,Silver
D0824,Maria,Figueroa,marthapittman@rivas-lee.net,Female,2023-03-30,True,4267.57,Silver
D0825,Larry,Villanueva,calebbrowning@nguyen-clayton.com,Male,2022-03-14,True,3738.18,Silver
D0826,Terry,Salazar,shelly51@kline.com,Other,2024-09-20,True,8975.78,Gold
D0827,Gerald,Cruz,janderson@clark-sanchez.biz,Other,2023-06-13,False,5108.52,Gold
D0828,Marc,Johnson,zlawrence@olson.com,Male,2021-06-18,False,8872.03,Gold
D0829,Elijah,Hall,nichole87@gmail.com,Male,2021-03-23,False,2161.94,Silver
D0830,Karen,Alexander,mnavarro@yahoo.com,Female,2023-02-20,True,9738.16,Gold
D0831,Edward,Schneider,tacevedo@holloway-hanna.com,Female,2021-06-06,False,1655.11,Silver
D0832,Troy,Buck,kingryan@yahoo.com,Other,2023-05-18,True,369.04,Bronze
D0833,Elizabeth,Lopez,lortega@gmail.com,Other,2024-08-04,True,1130.5,Silver
D0834,Julie,Reyes,jonathan86@gardner.org,Male,2022-11-08,False,3693.85,Silver
D0835,Shannon,Brown,woodstyler@blackwell.com,Female,2024-05-30,False,5259.16,Gold
D0836,Juan,Conway,melody27@hotmail.com,Female,2020-09-08,True,5978.94,Gold
D0837,Thomas,Elliott,halvarado@hall-fox.com,Male,2023-03-24,False,3402.47,Silver
D0838,Shirley,Taylor,ecollins@saunders.net,Male,2023-02-21,True,7951.49,Gold
D0839,Paige,Stephens,jparrish@campbell.com,Other,2025-04-18,True,6144.24,Gold
D0840,Alison,Walker,martinezmichael@hotmail.com,Female,2023-08-29,True,1873.38,Silver
D0841,Steven,Pham,solomonkimberly@gmail.com,Male,2024-01-19,False,370.44,Bronze
D0842,Lacey,Taylor,austin80@hotmail.com,Female,2022-05-15,False,308.52,Bronze
D0843,Renee,Krueger,jared85@yahoo.com,Female,2020-12-11,False,5191.1,Gold
D0844,Anthony,Peterson,marilyn51@castaneda-weiss.com,Male,2024-06-15,True,7999.88,Gold
D0845,Abigail,Bryant,jcollins@gmail.com,Female,2022-10-17,False,1600.12,Silver
D0846,Bradley,Michael,matthewthompson@avery.com,Male,2021-11-12,True,3972.85,Silver
D0847,Matthew,Dunn,shannon93@yahoo.com,Female,2021-10-09,True,104.82,Bronze
D0848,Lauren,Clark,derrickmathews@lopez-johnson.com,Male,2023-05-28,True,5398.7,Gold
D0849,Juan,Boone,james32@smith.org,Other,2025-02-20,True,8196.4,Gold
D0850,Amanda,Hicks,gardnerlynn@morse.biz,Other,2021-03-23,True,1741.71,Silver
D0851,Jamie,Davis,zachary05@gmail.com,Male,2024-04-18,True,4136.5,Silver
D0852,Theresa,Singleton,stanleyjeffrey@king.com,Male,2021-12-09,False,9140.4,Gold
D0853,Robert,Velazquez,stewartscott@blake-kent.net,Male,2023-07-11,True,6680.03,Gold
D0854,Melissa,Espinoza,cwilson@yahoo.com,Other,2022-04-18,False,1010.66,Silver
D0855,Michelle,Gomez,jennifercole@williams.com,Female,2025-04-28,True,624.53,Bronze
D0856,Bradley,Lopez,timothyyoung@wu-robinson.com,Female,2021-08-20,False,1309.76,Silver
D0857,Carolyn,Dougherty,jennifer02@gordon-craig.net,Other,2020-08-22,True,351.21,Bronze
D0858,Patricia,Mccoy,ruiztiffany@taylor.com,Male,2025-02-07,True,7252.85,Gold
D0859,Shawna,Brown,ibauer@adams.com,Male,2021-07-07,False,1123.52,Silver
D0860,Thomas,Roberson,mallory55@hotmail.com,Female,2024-01-15,False,123.74,Bronze
D0861,Gary,Smith,alexishall@turner.org,Female,2023-11-22,False,7425.13,Gold
D0862,Emily,Larson,heathermichael@jones-powell.net,Other,2023-04-01,True,420.56,Bronze
D0863,Randall,Rodriguez,brent39@daniels-stone.com,Female,2020-10-10,True,3242.84,Silver
D0864,Christine,Fox,ggomez@harris.com,Female,2021-03-29,True,5933.48,Gold
D0865,Noah,Potts,collin94@smith-tucker.info,Other,2021-07-07,True,3396.24,Silver
D0866,Amanda,Haynes,wilsonjack@edwards.com,Female,2024-09-21,False,3809.78,Silver
D0867,Gary,King,lauraguerra@gmail.com,Other,2022-11-30,False,924.88,Bronze
D0868,Bruce,Pacheco,andersonarthur@yahoo.com,Other,2022-07-01,True,2811.71,Silver
D0869,David,Oneill,beckerbrenda@yahoo.com,Female,2023-10-25,True,6150.98,Gold
D0870,Dylan,Osborn,daniel69@hampton-hicks.com,Female,2025-03-02,True,9455.23,Gold
D0871,Janice,Lam,annabennett@hamilton-phillips.com,Male,2022-05-26,True,8174.55,Gold
D0872,Cathy,Burnett,dcurry@hotmail.com,Other,2022-08-28,True,7561.38,Gold
D0873,Monique,Ross,thomaswebb@best.org,Female,2023-03-10,True,8038.64,Gold
D0874,Ashley,Brewer,moranjennifer@yahoo.com,Female,2023-01-30,True,1033.03,Silver
D0875,Wendy,Jackson,kimhansen@hotmail.com,Other,2023-10-16,False,3483.64,Silver
D0876,Frank,Wright,zgillespie@martinez.com,Other,2022-01-08,False,2468.87,Silver
D0877,Jillian,Solis,rose34@yahoo.com,Female,2020-12-30,False,3861.14,Silver
D0878,Kathy,Evans,lindsayanderson@gmail.com,Female,2023-05-28,True,2970.6,Silver
D0879,Jeffrey,Medina,vhendricks@rodriguez.biz,Female,2023-06-27,False,8556.94,Gold
D0880,Joshua,Tucker,grantzachary@yahoo.com,Other,2021-03-30,True,4452.92,Silver
D0881,Erica,Harrison,denise42@bell-carr.com,Male,2021-08-30,True,7616.38,Gold
D0882,Hayley,Williams,williamsnicole@yahoo.com,Male,2021-05-09,True,7617.4,Gold
D0883,Kevin,Delgado,seanwilliams@hotmail.com,Other,2023-06-20,False,649.46,Bronze
D0884,Mike,Floyd,elliottkaren@yahoo.com,Female,2023-02-27,False,552.05,Bronze
D0885,Brittany,Wilson,scott57@benjamin.com,Other,2025-05-05,True,4718.06,Silver
D0886,Kyle,Sosa,whitney86@yahoo.com,Male,2021-09-26,False,5788.62,Gold
D0887,Nicholas,Lewis,anthonyrobinson@gmail.com,Other,2020-08-30,False,8535.77,Gold
D0888,Jason,Brown,timothyhernandez@gordon-morales.com,Male,2021-08-31,False,5847.85,Gold
D0889,Paul,Morales,susan79@ewing.org,Male,2023-10-04,True,9394.8,Gold
D0890,Harry,Rivera,tedwards@lynn.org,Female,2023-02-26,True,6866.72,Gold
D0891,Jennifer,Rowland,patrick11@hotmail.com,Other,2021-06-04,True,6302.42,Gold
D0892,Crystal,Wilkins,dhurst@gmail.com,Other,2023-12-10,True,3072.83,Silver
D0893,John,Smith,kennethrobinson@collier.com,Male,2022-04-26,False,8161.06,Gold
D0894,Edward,Gilmore,kellybradley@gmail.com,Female,2023-02-13,True,6316.26,Gold
D0895,Adrian,Drake,carrtricia@james-vance.com,Other,2025-03-20,False,4571.57,Silver
D0896,Catherine,Daniels,lisawilson@gmail.com,Male,2022-07-18,False,3353.92,Silver
D0897,Andrea,Brown,francisrussell@gmail.com,Male,2023-10-10,True,2512.77,Silver
D0898,Johnny,Smith,jessicamorales@hotmail.com,Female,2024-06-11,True,7838.94,Gold
D0899,Stephen,Schmidt,jdickson@kelly.com,Male,2023-06-06,True,4384.67,Silver
D0900,Cynthia,Hansen,adam54@yahoo.com,Male,2022-09-12,True,6407.97,Gold
D0901,Daniel,Bowers,marytucker@best.com,Other,2023-08-26,False,8719.09,Gold
D0902,Chelsey,Baker,dbell@alexander.net,Female,2023-06-22,False,3045.83,Silver
D0903,William,Peterson,emiller@collins.com,Female,2023-03-31,True,6261.28,Gold
D0904,James,Dyer,markhunter@huff.com,Other,2024-08-04,False,3955.44,Silver
D0905,Todd,Acevedo,anthonyfrost@gmail.com,Other,2025-03-11,True,7710.86,Gold
D0906,Aaron,Barnes,chad99@flores.net,Male,2025-01-04,False,7076.45,Gold
D0907,Eduardo,Quinn,garciatimothy@yahoo.com,Other,2022-08-17,True,2187.65,Silver
D0908,Daniel,Yoder,barronmichael@gmail.com,Other,2024-04-23,True,3193.27,Silver
D0909,Teresa,Stone,john33@yahoo.com,Male,2022-09-16,False,1213.83,Silver
D0910,Tammy,Kennedy,rmartin@yahoo.com,Female,2022-02-12,True,2889.0,Silver
D0911,Pamela,Ray,wfernandez@yahoo.com,Male,2023-03-19,True,8208.9,Gold
D0912,Carolyn,Johnson,halekatherine@yahoo.com,Female,2020-12-25,True,2956.96,Silver
D0913,Timothy,Lara,grantchristopher@hotmail.com,Female,2023-05-17,True,7384.51,Gold
D0914,William,Parker,chandlerdavid@gmail.com,Male,2025-04-25,True,3826.17,Silver
D0915,Caroline,Waters,rickybolton@yahoo.com,Female,2021-07-10,False,7085.44,Gold
D0916,Carol,Berry,bellrandall@allen.com,Male,2022-11-02,True,6891.19,Gold
D0917,Dylan,Stephenson,davisedward@hotmail.com,Female,2022-02-08,False,3484.18,Silver
D0918,Alison,Hess,dylanflynn@cook.com,Female,2021-07-05,False,497.67,Bronze
D0919,Joshua,Johnson,randylopez@gmail.com,Female,2021-05-02,True,8830.08,Gold
D0920,Russell,Sawyer,garciakeith@hotmail.com,Male,2024-08-03,True,8502.57,Gold
D0921,Jamie,Mathis,joshua46@estrada-hudson.com,Male,2022-02-02,True,7176.93,Gold
D0922,Jennifer,Martinez,halljoshua@curtis-wilson.org,Male,2022-08-20,False,1094.94,Silver
D0923,Christina,Brown,petersenmary@hutchinson.com,Male,2021-08-11,True,6522.93,Gold
D0924,Olivia,Dickson,cannonalexandra@lucas-miles.com,Male,2023-08-13,False,6631.46,Gold
D0925,Karen,King,robinhall@hotmail.com,Female,2022-04-21,False,8472.82,Gold
D0926,James,Logan,veronica53@jackson.com,Female,2021-10-10,False,2981.21,Silver
D0927,Heather,Wood,michaelthompson@hotmail.com,Male,2024-07-08,True,2715.13,Silver
D0928,Charles,Archer,tgonzales@david.info,Other,2025-02-05,False,849.72,Bronze
D0929,William,Charles,joshua24@hotmail.com,Female,2022-06-30,True,890.31,Bronze
D0930,Robert,Thomas,gallagherryan@hotmail.com,Male,2023-07-27,True,7977.23,Gold
D0931,David,Yoder,sonya01@ellis-garcia.com,Male,2025-05-08,False,204.45,Bronze
D0932,Allison,Alexander,victoria30@hotmail.com,Female,2022-01-17,True,3619.78,Silver
D0933,Rebecca,Lin,robert85@gmail.com,Male,2022-05-20,True,7000.77,Gold
D0934,Tyrone,Aguilar,ericlawrence@yahoo.com,Female,2021-10-02,True,7200.2,Gold
D0935,Debra,Johnson,andrea32@hampton-young.com,Other,2020-12-25,False,9334.93,Gold
D0936,Jessica,Price,michael52@hotmail.com,Other,2023-02-26,True,3134.63,Silver
D0937,Samuel,Moore,gibsonkelly@meadows-sanchez.com,Male,2021-12-29,False,2004.91,Silver
D0938,Pamela,Garner,deannavincent@ramirez.com,Female,2020-12-14,True,4463.74,Silver
D0939,Sandra,Wright,zstephens@logan-miller.com,Female,2020-08-24,True,6243.41,Gold
D0940,Mark,Richardson,oneilldakota@perez-lester.org,Other,2024-08-03,False,5036.1,Gold
D0941,Stephanie,Hernandez,perezdaniel@yahoo.com,Female,2024-03-17,False,5273.18,Gold
D0942,Benjamin,Blackwell,paul08@yahoo.com,Female,2024-09-06,True,345.31,Bronze
D0943,Dawn,King,nthomas@hotmail.com,Male,2023-09-18,False,3860.5,Silver
D0944,Crystal,Lee,howardpaige@gmail.com,Female,2024-12-23,True,302.53,Bronze
D0945,Kayla,Bond,gregory01@gmail.com,Male,2025-03-05,True,9065.66,Gold
D0946,Jennifer,Woodward,rachel89@tapia.com,Other,2021-01-07,False,1794.23,Silver
D0947,Amber,Melendez,ghall@gmail.com,Other,2021-08-22,False,2501.81,Silver
D0948,Sydney,Lewis,etaylor@davis.com,Male,2020-06-23,True,6355.65,Gold
D0949,Mark,Mason,robertsantos@wise.com,Female,2022-09-11,False,862.22,Bronze
D0950,Savannah,Ryan,sotojessica@yahoo.com,Female,2022-11-27,True,5253.7,Gold
D0951,Christy,Solomon,jcarr@bass.org,Male,2020-11-29,False,2254.34,Silver
D0952,Ryan,Lloyd,owilliams@yahoo.com,Male,2023-06-24,False,3722.74,Silver
D0953,Ann,Morrison,danny48@willis-anderson.com,Other,2022-05-24,True,5138.24,Gold
D0954,Alison,Rodriguez,conniepeters@roberts-jennings.biz,Female,2024-08-03,True,4164.77,Silver
D0955,Jimmy,Joseph,grahambrooke@reynolds-dixon.com,Male,2023-08-12,True,985.58,Bronze
D0956,Rachel,Rivera,kevingarcia@burton.com,Female,2023-01-01,True,2310.22,Silver
D0957,Stacy,Cruz,james23@bullock.com,Other,2022-12-27,True,9076.94,Gold
D0958,Samantha,Ruiz,marc11@schmidt.com,Other,2020-07-09,True,2993.31,Silver
D0959,William,Brady,mayomaria@gmail.com,Female,2022-05-23,True,2428.11,Silver
D0960,William,Rodriguez,carolynstein@arroyo.com,Other,2022-04-16,True,4285.49,Silver
D0961,Lee,Simpson,rodney37@oneill-smith.net,Other,2022-10-16,True,4026.04,Silver
D0962,Leslie,Lam,josephnorman@fitzgerald.com,Male,2021-01-29,False,4206.45,Silver
D0963,Travis,Smith,samantha34@white.com,Male,2023-12-31,True,2400.76,Silver
D0964,Diane,White,petersontracy@williams.com,Female,2021-08-15,True,2153.4,Silver
D0965,Joseph,Torres,katherine46@hotmail.com,Female,2022-08-13,True,6854.91,Gold
D0966,Jeffrey,Santiago,laurenclark@yahoo.com,Male,2024-10-24,False,4694.06,Silver
D0967,Stephanie,Owens,scottrodriguez@rose-wagner.net,Female,2025-01-17,True,4092.64,Silver
D0968,Kimberly,Morales,robertskathleen@gmail.com,Other,2024-10-11,False,2677.63,Silver
D0969,Jordan,Carlson,hwilson@hotmail.com,Male,2025-01-07,True,5072.56,Gold
D0970,Theresa,White,jaime53@gmail.com,Female,2023-05-26,True,5963.47,Gold
D0971,Jim,Sandoval,nicholas17@hartman-richardson.org,Female,2020-07-16,True,4819.28,Silver
D0972,Vincent,Miller,bradleygood@yahoo.com,Female,2022-03-03,False,8254.75,Gold
D0973,Adam,Johnson,cassandra55@gmail.com,Female,2024-01-02,False,43.11,Bronze
D0974,Kimberly,Ingram,lisasimmons@flores-lloyd.com,Female,2025-05-11,True,7001.9,Gold
D0975,Bethany,Morales,jeromecombs@jordan-mitchell.com,Female,2020-10-13,False,7270.29,Gold
D0976,Kenneth,Green,richard84@meadows-campbell.biz,Female,2022-06-16,True,4209.41,Silver
D0977,Amanda,Roberson,davisgrace@hotmail.com,Female,2025-03-28,False,4048.26,Silver
D0978,Thomas,Fowler,deckermichael@juarez-douglas.com,Male,2024-06-17,True,9162.64,Gold
D0979,Brandon,Stuart,carol64@miller.com,Other,2020-10-26,False,8297.02,Gold
D0980,Carol,Hart,xpearson@pennington-aguilar.com,Female,2023-07-08,True,5974.09,Gold
D0981,Shannon,Mullins,nrocha@yahoo.com,Female,2025-02-14,True,8294.27,Gold
D0982,Alicia,Richardson,billy93@hotmail.com,Male,2022-08-28,True,837.21,Bronze
D0983,Natalie,Johnson,kimmelissa@castillo-taylor.net,Male,2024-10-18,True,9386.55,Gold
D0984,Ashlee,Allen,williamsandrea@hotmail.com,Male,2022-04-01,False,4107.87,Silver
D0985,Carolyn,Perkins,huffmanchristian@yahoo.com,Other,2021-01-11,False,716.48,Bronze
D0986,Emily,Andrews,sgutierrez@yahoo.com,Other,2023-06-01,False,4420.8,Silver
D0987,Erin,Murray,ytaylor@hotmail.com,Female,2023-04-10,False,8481.01,Gold
D0988,John,Phillips,danielgregory@hotmail.com,Other,2023-10-08,True,5245.17,Gold
D0989,Kathryn,Williams,daltonlisa@yahoo.com,Male,2025-02-27,True,5793.63,Gold
D0990,James,Austin,davidcruz@yahoo.com,Other,2025-02-05,False,1565.66,Silver
D0991,Jason,Lee,nhays@yahoo.com,Other,2022-05-06,True,978.7,Bronze
D0992,Lori,Jordan,yfranklin@gmail.com,Other,2023-07-06,False,546.03,Bronze
D0993,Kristi,Mendoza,christopher92@wilson.com,Male,2024-07-20,False,6048.78,Gold
D0994,Michele,Gibson,rodriguezlinda@yahoo.com,Female,2023-04-07,False,2238.34,Silver
D0995,Manuel,Turner,brittany48@yahoo.com,Female,2024-11-14,True,3424.7,Silver
D0996,Brian,Kaufman,mbaker@bishop.com,Other,2022-10-28,False,3004.69,Silver
D0997,Annette,Calderon,fritter@powell.com,Female,2022-05-06,True,653.73,Bronze
D0998,Haley,Williams,sabrina42@hotmail.com,Male,2023-05-21,True,1594.05,Silver
D0999,Carl,Phillips,joseph56@gmail.com,Other,2020-09-08,True,5299.01,Gold
D1000,Kathryn,Martinez,josephsnyder@gregory-ramirez.com,Male,2020-12-06,True,3346.93,Silver
